year,league,team,player_name,player_id,mlb_team,position,salary,status,eligibility,roster_section
2013,mixed,Zach Steinhorn,Kendrys Morales,741,NYY,1B,11,act,"1B,CI",active
2013,mixed,Zach Steinhorn,Jose Altuve,3776,Hou,2B,17,act,"2B,MI",active
2013,mixed,Zach Steinhorn,Jimmy Rollins,1131,FA,SS,15,act,"SS,MI",active
2013,mixed,Zach Steinhorn,Aramis Ramirez,286,Pit,3B,16,act,"3B,CI",active
2013,mixed,Zach Steinhorn,Jon Jay,2475,LAA,OF,4,act,OF,active
2013,mixed,Zach Steinhorn,Nick Swisher,243,NYY,OF,15,act,"OF,1B,CI",active
2013,mixed,Zach Steinhorn,Denard Span,907,FA,OF,5,act,OF,active
2013,mixed,Zach Steinhorn,Desmond Jennings,2005,FA,OF,20,act,OF,active
2013,mixed,Zach Steinhorn,Justin Upton,39,FA,OF,34,act,OF,active
2013,mixed,Zach Steinhorn,Jonathan Lucroy,2346,Atl,C,11,act,C,active
2013,mixed,Zach Steinhorn,Brian McCann,73,FA,C,6,act,C,active
2013,mixed,Zach Steinhorn,Matt Dominguez,1981,Bos,UT,1,act,"3B,CI",active
2013,mixed,Zach Steinhorn,Adam LaRoche,1187,CWS,CI,10,act,"1B,CI",active
2013,mixed,Zach Steinhorn,Zack Cozart,3043,FA,MI,6,act,"MI,SS",active
2013,mixed,Zach Steinhorn,Steve Cishek,3368,Was,P,10,act,P,active
2013,mixed,Zach Steinhorn,Gerrit Cole,2660,NYY,P,9,act,P,active
2013,mixed,Zach Steinhorn,Danny Salazar,3850,FA,P,34,act,P,active
2013,mixed,Zach Steinhorn,Joe Nathan,882,FA,P,15,act,P,active
2013,mixed,Zach Steinhorn,Ian Kennedy,990,Tex,P,13,act,P,active
2013,mixed,Zach Steinhorn,Doug Fister,2890,Tex,P,9,act,P,active
2013,mixed,Zach Steinhorn,Wade Miley,2622,FA,P,3,act,P,active
2013,mixed,Zach Steinhorn,Derek Holland,2390,Tor,P,3,act,P,active
2013,mixed,Zach Steinhorn,Bartolo Colon,192,FA,P,1,act,P,active
2013,mixed,Zach Steinhorn,Rajai Davis,1311,FA,OF,1,res,OF,reserved
2013,mixed,Zach Steinhorn,Ryan Ludwick,1418,Tex,UT,2,res,OF,reserved
2013,mixed,Zach Steinhorn,C.C. Sabathia,388,NYY,P,1,dis,P,reserved
2013,mixed,Zach Steinhorn,Wei-Yin Chen,3151,FA,P,1,res,P,reserved
2013,mixed,Zach Steinhorn,Wandy Rodriguez,620,FA,P,4,dis,P,reserved
2013,mixed,Paul Singman,Anthony Rizzo,3156,FA,1B,18,act,"1B,CI",active
2013,mixed,Paul Singman,Nick Franklin,2845,FA,2B,1,act,2B,active
2013,mixed,Paul Singman,Troy Tulowitzki,461,NYY,SS,29,act,"SS,MI",active
2013,mixed,Paul Singman,Miguel Cabrera,509,Det,3B,47,act,"UT,3B,CI",active
2013,mixed,Paul Singman,Andy Dirks,3484,FA,OF,1,act,OF,active
2013,mixed,Paul Singman,Jarrod Dyson,2961,FA,OF,1,act,OF,active
2013,mixed,Paul Singman,Dexter Fowler,484,Tor,OF,10,act,OF,active
2013,mixed,Paul Singman,Juan Lagares,3868,FA,OF,1,act,OF,active
2013,mixed,Paul Singman,Justin Ruggiano,1475,SF,OF,3,act,OF,active
2013,mixed,Paul Singman,J.P. Arencibia,2422,TB,C,6,act,C,active
2013,mixed,Paul Singman,Chris Iannetta,451,FA,C,6,act,C,active
2013,mixed,Paul Singman,Mike Moustakas,2004,FA,UT,9,act,"3B,CI",active
2013,mixed,Paul Singman,Justin Morneau,898,Min,CI,10,act,"1B,CI",active
2013,mixed,Paul Singman,Alcides Escobar,850,FA,MI,6,act,"SS,MI",active
2013,mixed,Paul Singman,Paul Maholm,1171,Cin,P,0,act,P,active
2013,mixed,Paul Singman,Grant Balfour,1438,TB,P,11,act,P,active
2013,mixed,Paul Singman,Gio Gonzalez,1084,Mia,P,18,act,P,active
2013,mixed,Paul Singman,Jordan Zimmermann,2067,Mil,P,13,act,P,active
2013,mixed,Paul Singman,Erasmo J Ramirez,1878,Min,P,1,act,P,active
2013,mixed,Paul Singman,Shelby Miller,2839,ChC,P,3,act,P,active
2013,mixed,Paul Singman,Taijuan Walker,3796,Phi,P,1,act,P,active
2013,mixed,Paul Singman,Nathan Eovaldi,3809,Tex,P,0,act,P,active
2013,mixed,Paul Singman,Hector Santiago,3770,Sea,P,5,act,P,active
2013,mixed,Paul Singman,Jose Bautista,1184,Tor,OF,37,dis,OF,reserved
2013,mixed,Paul Singman,Eric Sogard,3034,FA,MI,1,res,"SS,MI",reserved
2013,mixed,Paul Singman,Jose Iglesias,2913,FA,MI,1,res,"SS,MI",reserved
2013,mixed,Paul Singman,Jonathon Niese,2149,FA,P,11,res,P,reserved
2013,mixed,Paul Singman,Matt Harvey,2672,Bal,P,7,dis,P,reserved
2013,mixed,Paul Singman,Ryan Cook,3781,FA,P,0,res,P,reserved
2013,mixed,Tim Heaney,Prince Fielder,851,FA,1B,38,act,"1B,CI",active
2013,mixed,Tim Heaney,Chase Utley,1132,LAD,2B,16,act,"2B,MI",active
2013,mixed,Tim Heaney,Erick Aybar,735,FA,SS,8,act,"SS,MI",active
2013,mixed,Tim Heaney,Pedro Alvarez,2050,FA,3B,8,act,"3B,CI",active
2013,mixed,Tim Heaney,Torii Hunter,749,Min,OF,5,act,OF,active
2013,mixed,Tim Heaney,Alejandro De Aza,570,Min,OF,9,act,OF,active
2013,mixed,Tim Heaney,Gerardo Parra,2000,Was,OF,1,act,OF,active
2013,mixed,Tim Heaney,Christian Yelich,3314,Mil,OF,1,act,OF,active
2013,mixed,Tim Heaney,Nate McLouth,1193,Was,OF,1,act,OF,active
2013,mixed,Tim Heaney,Carlos Ruiz,1123,FA,C,5,act,C,active
2013,mixed,Tim Heaney,Kurt Suzuki,1063,FA,C,1,act,C,active
2013,mixed,Tim Heaney,Brian Dozier,3489,NYM,UT,1,act,"SS,MI",active
2013,mixed,Tim Heaney,Adam Dunn,348,FA,CI,16,act,"1B,CI",active
2013,mixed,Tim Heaney,Jonathan Villar,3345,Sea,MI,1,act,2B,active
2013,mixed,Tim Heaney,Jonathan Papelbon,165,FA,P,22,act,P,active
2013,mixed,Tim Heaney,Brad Ziegler,1090,Ari,P,5,act,P,active
2013,mixed,Tim Heaney,Dillon Gee,2439,Min,P,0,act,P,active
2013,mixed,Tim Heaney,Matt Cain,1279,FA,P,23,act,P,active
2013,mixed,Tim Heaney,Jered Weaver,730,SD,P,20,act,P,active
2013,mixed,Tim Heaney,Rex Brothers,2851,FA,P,8,act,P,active
2013,mixed,Tim Heaney,Matt Moore,3149,Bos,P,16,act,P,active
2013,mixed,Tim Heaney,John Danks,208,FA,P,1,act,P,active
2013,mixed,Tim Heaney,Julio Teheran,2098,ChC,P,6,act,P,active
2013,mixed,Tim Heaney,Melvin Upton,1476,FA,OF,23,res,OF,reserved
2013,mixed,Tim Heaney,Joe Mauer,889,Min,C,23,dis,"1B,CI,C",reserved
2013,mixed,Tim Heaney,Lonnie Chisenhall,2627,FA,UT,1,res,"CI,3B",reserved
2013,mixed,Tim Heaney,Michael Young,1523,Tex,UT,4,res,"3B,2B,1B,MI,CI",reserved
2013,mixed,Tim Heaney,Andrew Cashner,2429,FA,P,1,res,P,reserved
2013,mixed,Al Melchior,Matt Adams,3755,Was,1B,7,act,"1B,CI",active
2013,mixed,Al Melchior,Marco Scutaro,1584,SF,2B,6,act,"2B,SS,CI,MI,3B",active
2013,mixed,Al Melchior,J.J. Hardy,853,FA,SS,4,act,"SS,MI",active
2013,mixed,Al Melchior,David Freese,1432,LAD,3B,12,act,"3B,CI",active
2013,mixed,Al Melchior,Ryan Doumit,1182,FA,OF,7,act,"OF,C",active
2013,mixed,Al Melchior,Alex Rios,1588,FA,OF,15,act,OF,active
2013,mixed,Al Melchior,Lorenzo Cain,2002,Mil,OF,6,act,OF,active
2013,mixed,Al Melchior,Chris Carter,2028,FA,OF,3,act,"1B,CI",active
2013,mixed,Al Melchior,Matt Holliday,464,FA,OF,27,act,OF,active
2013,mixed,Al Melchior,Yan Gomes,3945,FA,C,10,act,"CI,1B",active
2013,mixed,Al Melchior,Alex Avila,2369,FA,C,9,act,C,active
2013,mixed,Al Melchior,Josh Reddick,2163,NYM,UT,9,act,OF,active
2013,mixed,Al Melchior,Adam Lind,1587,FA,CI,1,act,"1B,CI",active
2013,mixed,Al Melchior,Hanley Ramirez,566,Bos,MI,17,act,"MI,3B,SS,CI",active
2013,mixed,Al Melchior,Bronson Arroyo,312,Cin,P,0,act,P,active
2013,mixed,Al Melchior,Addison Reed,3793,FA,P,13,act,P,active
2013,mixed,Al Melchior,Mat Latos,2007,FA,P,19,act,P,active
2013,mixed,Al Melchior,Justin Verlander,504,Det,P,29,act,P,active
2013,mixed,Al Melchior,Glen Perkins,884,Min,P,14,act,P,active
2013,mixed,Al Melchior,C.J. Wilson,1513,FA,P,6,act,P,active
2013,mixed,Al Melchior,Wily Peralta,3181,Pit,P,7,act,P,active
2013,mixed,Al Melchior,Scott Kazmir,1447,FA,P,16,act,P,active
2013,mixed,Al Melchior,Dan Straily,4151,ChC,P,0,act,P,active
2013,mixed,Al Melchior,Robbie Grossman,2699,KC,UT,1,res,OF,reserved
2013,mixed,Al Melchior,Alexi Ogando,3122,Cle,P,6,res,P,reserved
2013,mixed,Al Melchior,Erik Johnson,4295,SD,P,1,res,P,reserved
2013,mixed,Al Melchior,Mike Leake,2714,FA,P,2,res,P,reserved
2013,mixed,Nando DiFino,Mark Trumbo,2262,FA,1B,17,act,"OF,1B,CI",active
2013,mixed,Nando DiFino,D.J. LeMahieu,3275,NYY,2B,5,act,"2B,MI",active
2013,mixed,Nando DiFino,Andrelton Simmons,3717,FA,SS,5,act,"SS,MI",active
2013,mixed,Nando DiFino,Will Middlebrooks,3648,Phi,3B,9,act,"3B,CI",active
2013,mixed,Nando DiFino,Josh Hamilton,1530,FA,OF,26,act,OF,active
2013,mixed,Nando DiFino,Kole Calhoun,3983,FA,OF,1,act,"UT,OF",active
2013,mixed,Nando DiFino,Jay Bruce,371,NYY,OF,28,act,OF,active
2013,mixed,Nando DiFino,Avisail Garcia,3485,FA,OF,2,act,OF,active
2013,mixed,Nando DiFino,Yoenis Cespedes,3837,FA,OF,24,act,OF,active
2013,mixed,Nando DiFino,Russell Martin,787,LAD,C,4,act,C,active
2013,mixed,Nando DiFino,Evan Gattis,3959,FA,C,1,act,C,active
2013,mixed,Nando DiFino,Anthony Gose,3189,Ari,UT,1,act,"OF,UT",active
2013,mixed,Nando DiFino,Pablo Sandoval,2182,SF,CI,14,act,"CI,3B",active
2013,mixed,Nando DiFino,Stephen Drew,30,Was,MI,0,act,"SS,MI",active
2013,mixed,Nando DiFino,Jon Lester,160,StL,P,12,act,P,active
2013,mixed,Nando DiFino,Jeff Samardzija,275,FA,P,13,act,P,active
2013,mixed,Nando DiFino,Lance Lynn,2919,FA,P,8,act,P,active
2013,mixed,Nando DiFino,Chris Perez,1425,Bal,P,11,act,P,active
2013,mixed,Nando DiFino,Jose Quintana,3839,Col,P,1,act,P,active
2013,mixed,Nando DiFino,A.J. Griffin,3734,FA,P,0,act,P,active
2013,mixed,Nando DiFino,Roy Halladay,1558,Tor,P,7,act,P,active
2013,mixed,Nando DiFino,Max Scherzer,19,Tor,P,18,act,P,active
2013,mixed,Nando DiFino,LaTroy Hawkins,985,FA,P,24,act,P,active
2013,mixed,Nando DiFino,Yonder Alonso,2142,SD,1B,4,res,"1B,CI",reserved
2013,mixed,Nando DiFino,Chris Colabello,4272,Mil,UT,9,res,"1B,CI",reserved
2013,mixed,Nando DiFino,Pedro Strop,446,FA,P,1,res,P,reserved
2013,mixed,Fred Zinkie,Adrian Gonzalez,1250,NYM,1B,28,act,"1B,OF,CI",active
2013,mixed,Fred Zinkie,Aaron Hill,1578,FA,2B,19,act,"UT,MI,2B",active
2013,mixed,Fred Zinkie,Ben Zobrist,1470,FA,SS,27,act,"2B,OF,MI,SS",active
2013,mixed,Fred Zinkie,Marcus Semien,4300,NYM,3B,0,act,"2B,MI",active
2013,mixed,Fred Zinkie,Eric Young Jr.,2059,FA,OF,7,act,OF,active
2013,mixed,Fred Zinkie,Craig Gentry,2904,Col,OF,0,act,OF,active
2013,mixed,Fred Zinkie,Shin-Soo Choo,405,FA,OF,25,act,OF,active
2013,mixed,Fred Zinkie,Cesar Hernandez,3413,FA,OF,0,act,2B,active
2013,mixed,Fred Zinkie,Jose Tabata,1041,Tor,OF,0,act,OF,active
2013,mixed,Fred Zinkie,Matt Wieters,146,FA,C,19,act,C,active
2013,mixed,Fred Zinkie,Yadier Molina,1404,StL,C,17,act,C,active
2013,mixed,Fred Zinkie,David Ortiz,190,Bos,UT,8,act,UT,active
2013,mixed,Fred Zinkie,Sean Halton,3818,Det,CI,1,act,1B,active
2013,mixed,Fred Zinkie,Jason Kipnis,2727,Atl,MI,22,act,"2B,MI",active
2013,mixed,Fred Zinkie,J.A. Happ,1109,StL,P,1,act,P,active
2013,mixed,Fred Zinkie,Tanner Roark,4325,FA,P,10,act,P,active
2013,mixed,Fred Zinkie,Tyson Ross,2330,FA,P,1,act,P,active
2013,mixed,Fred Zinkie,Huston Street,1060,FA,P,10,act,P,active
2013,mixed,Fred Zinkie,Casey Janssen,1559,FA,P,6,act,P,active
2013,mixed,Fred Zinkie,Clayton Kershaw,1961,FA,P,28,act,P,active
2013,mixed,Fred Zinkie,James Paxton,3577,Bos,P,1,act,P,active
2013,mixed,Fred Zinkie,Chris Archer,2797,FA,P,9,act,P,active
2013,mixed,Fred Zinkie,Sergio Romo,2061,SF,P,16,act,P,active
2013,mixed,Fred Zinkie,Curtis Granderson,517,Mia,OF,11,res,OF,reserved
2013,mixed,Fred Zinkie,Joe Kelly,3506,LAD,P,6,res,P,reserved
2013,mixed,Fred Zinkie,Ivan Nova,2293,Phi,P,1,res,P,reserved
2013,mixed,Fred Zinkie,Sonny Gray,3633,Bos,P,8,res,P,reserved
2013,mixed,David Gonos,Paul Goldschmidt,3159,NYY,1B,26,act,"1B,CI",active
2013,mixed,David Gonos,Brian Roberts,130,FA,2B,2,act,"2B,MI",active
2013,mixed,David Gonos,Asdrubal Cabrera,400,Cin,SS,15,act,"UT,MI,SS",active
2013,mixed,David Gonos,Chris Johnson,2101,Bal,3B,1,act,"3B,CI",active
2013,mixed,David Gonos,Billy Hamilton,3576,FA,OF,17,act,OF,active
2013,mixed,David Gonos,Jayson Werth,1139,Sea,OF,13,act,OF,active
2013,mixed,David Gonos,Leonys Martin,3737,FA,OF,4,act,OF,active
2013,mixed,David Gonos,Andrew McCutchen,1222,Tex,OF,37,act,OF,active
2013,mixed,David Gonos,Nick Markakis,134,Atl,OF,9,act,OF,active
2013,mixed,David Gonos,A.J. Pierzynski,230,FA,C,6,act,C,active
2013,mixed,David Gonos,Salvador Perez,3457,KC,C,10,act,C,active
2013,mixed,David Gonos,James Loney,795,FA,UT,1,act,"1B,CI",active
2013,mixed,David Gonos,Billy Butler,677,FA,CI,24,act,"1B,CI",active
2013,mixed,David Gonos,Xander Bogaerts,3822,SD,MI,15,act,"SS,MI",active
2013,mixed,David Gonos,David Price,1453,FA,P,28,act,P,active
2013,mixed,David Gonos,Anibal Sanchez,556,Was,P,6,act,P,active
2013,mixed,David Gonos,Jake Peavy,1237,FA,P,9,act,P,active
2013,mixed,David Gonos,Hyun-Jin Ryu,2609,Tor,P,0,act,P,active
2013,mixed,David Gonos,Jim Johnson,110,FA,P,12,act,P,active
2013,mixed,David Gonos,Hiroki Kuroda,771,FA,P,8,act,P,active
2013,mixed,David Gonos,Yordano Ventura,3761,KC,P,1,act,P,active
2013,mixed,David Gonos,Craig Kimbrel,2633,NYM,P,22,act,P,active
2013,mixed,David Gonos,Hisashi Iwakuma,2630,Sea,P,3,act,P,active
2013,mixed,David Gonos,Ben Revere,2085,FA,OF,10,dis,OF,reserved
2013,mixed,David Gonos,Michael Morse,1362,FA,OF,7,res,"UT,OF",reserved
2013,mixed,David Gonos,Adam Eaton,3588,FA,UT,3,res,OF,reserved
2013,mixed,David Gonos,Jonathan Pettibone,4065,ChC,P,1,dis,P,reserved
2013,mixed,David Gonos,Randall Delgado,2725,NYY,P,2,res,P,reserved
2013,mixed,David Gonos,Cole Hamels,1108,SD,P,26,res,P,reserved
2013,mixed,Derek Van Riper,Freddie Freeman,2466,LAD,1B,21,act,"1B,CI",active
2013,mixed,Derek Van Riper,Mark Ellis,1067,FA,2B,1,act,"2B,MI",active
2013,mixed,Derek Van Riper,Yunel Escobar,76,FA,SS,1,act,"SS,MI",active
2013,mixed,Derek Van Riper,Ryan Zimmerman,1638,FA,3B,25,act,"UT,3B,CI",active
2013,mixed,Derek Van Riper,Jason Heyward,1968,SD,OF,31,act,OF,active
2013,mixed,Derek Van Riper,Norichika Aoki,2041,FA,OF,13,act,OF,active
2013,mixed,Derek Van Riper,Charlie Blackmon,2620,Col,OF,1,act,OF,active
2013,mixed,Derek Van Riper,Giancarlo Stanton,2378,NYY,OF,34,act,OF,active
2013,mixed,Derek Van Riper,Drew Stubbs,1989,FA,OF,1,act,OF,active
2013,mixed,Derek Van Riper,Miguel Montero,25,Was,C,14,act,C,active
2013,mixed,Derek Van Riper,Wilin Rosario,2499,Min,C,12,act,"UT,C",active
2013,mixed,Derek Van Riper,Omar Infante,77,Det,UT,1,act,"2B,MI",active
2013,mixed,Derek Van Riper,Nolan Arenado,3214,Ari,CI,0,act,"3B,CI",active
2013,mixed,Derek Van Riper,Jurickson Profar,3198,Atl,MI,1,act,"MI,2B",active
2013,mixed,Derek Van Riper,Patrick Corbin,3339,Tor,P,1,act,P,active
2013,mixed,Derek Van Riper,Mike Minor,2833,FA,P,7,act,P,active
2013,mixed,Derek Van Riper,Brandon McCarthy,1505,Atl,P,5,act,P,active
2013,mixed,Derek Van Riper,Mariano Rivera,998,NYY,P,16,act,P,active
2013,mixed,Derek Van Riper,Adam Wainwright,1400,StL,P,21,act,P,active
2013,mixed,Derek Van Riper,Chris Sale,3309,Atl,P,15,act,P,active
2013,mixed,Derek Van Riper,Homer Bailey,313,FA,P,5,act,P,active
2013,mixed,Derek Van Riper,Rick Porcello,496,NYM,P,2,act,P,active
2013,mixed,Derek Van Riper,Alex Cobb,3431,FA,P,7,act,P,active
2013,mixed,Derek Van Riper,Marcell Ozuna,3280,Pit,OF,3,dis,OF,reserved
2013,mixed,Derek Van Riper,Junior Lake,3846,Sea,OF,1,res,OF,reserved
2013,mixed,Derek Van Riper,Khris Davis,4217,FA,OF,5,res,OF,reserved
2013,mixed,Derek Van Riper,J.B. Shuck,3494,Was,OF,1,res,OF,reserved
2013,mixed,Derek Van Riper,Ross Detwiler,1615,FA,P,0,dis,P,reserved
2013,mixed,Derek Van Riper,Edwin Jackson,1446,Ari,P,4,res,P,reserved
2013,mixed,Ray Flowers,Eric Hosmer,2563,FA,1B,17,act,"1B,CI",active
2013,mixed,Ray Flowers,Daniel Murphy,2100,LAA,2B,0,act,"UT,2B,MI",active
2013,mixed,Ray Flowers,Elliot Johnson,1468,LAD,SS,1,act,"UT,MI,SS",active
2013,mixed,Ray Flowers,Manny Machado,3216,SD,3B,6,act,"3B,CI",active
2013,mixed,Ray Flowers,Dustin Ackley,2586,FA,OF,1,act,"UT,2B,MI",active
2013,mixed,Ray Flowers,Daniel Nava,3308,FA,OF,1,act,OF,active
2013,mixed,Ray Flowers,Bryce Harper,2628,Phi,OF,33,act,"1B,OF,CI",active
2013,mixed,Ray Flowers,Raul Ibanez,1365,FA,OF,1,act,OF,active
2013,mixed,Ray Flowers,Moises Sierra,3440,Was,OF,3,act,OF,active
2013,mixed,Ray Flowers,Hector Sanchez,3050,Det,C,1,act,C,active
2013,mixed,Ray Flowers,Dioner Navarro,1462,FA,C,1,act,C,active
2013,mixed,Ray Flowers,Danny Valencia,2398,FA,UT,1,act,"3B,CI",active
2013,mixed,Ray Flowers,Alex Rodriguez,1012,FA,CI,0,act,"3B,CI",active
2013,mixed,Ray Flowers,Martin Prado,80,Mia,MI,14,act,"CI,OF,3B",active
2013,mixed,Ray Flowers,Kenley Jansen,2963,Det,P,9,act,P,active
2013,mixed,Ray Flowers,Felix Hernandez,1338,FA,P,24,act,P,active
2013,mixed,Ray Flowers,Zack Greinke,660,FA,P,14,act,P,active
2013,mixed,Ray Flowers,Todd Redmond,2220,FA,P,1,act,P,active
2013,mixed,Ray Flowers,Tyler Thornburg,3750,Min,P,1,act,P,active
2013,mixed,Ray Flowers,Eric Stults,783,LAD,P,1,act,P,active
2013,mixed,Ray Flowers,Ernesto Frieri,1225,FA,P,7,act,P,active
2013,mixed,Ray Flowers,Travis Wood,2821,FA,P,1,act,P,active
2013,mixed,Ray Flowers,Cliff Lee,381,Phi,P,23,act,P,active
2013,mixed,Ray Flowers,Chris Denorfia,1075,FA,OF,1,res,OF,reserved
2013,mixed,Ray Flowers,Cameron Maybin,573,FA,OF,6,dis,OF,reserved
2013,mixed,Ray Flowers,Yasmani Grandal,3311,Bos,C,15,dis,C,reserved
2013,mixed,Ray Flowers,John Jaso,1461,FA,C,6,dis,C,reserved
2013,mixed,Ray Flowers,Mark Reynolds,34,Col,UT,0,res,"1B,3B,CI",reserved
2013,mixed,Ray Flowers,Jeff Locke,2594,Mia,P,4,res,P,reserved
2013,mixed,Ray Flowers,Mark Buehrle,206,FA,P,1,res,P,reserved
2013,mixed,Eric Mack,Justin Smoak,2117,FA,1B,1,act,"1B,CI",active
2013,mixed,Eric Mack,Robinson Cano,1008,FA,2B,35,act,"2B,MI",active
2013,mixed,Eric Mack,Starlin Castro,2724,FA,SS,25,act,"SS,MI",active
2013,mixed,Eric Mack,Evan Longoria,1489,FA,3B,33,act,"3B,CI",active
2013,mixed,Eric Mack,Ichiro Suzuki,1368,Sea,OF,7,act,OF,active
2013,mixed,Eric Mack,Emilio Bonifacio,27,Was,OF,13,act,"OF,MI,2B",active
2013,mixed,Eric Mack,Carl Crawford,1472,FA,OF,12,act,OF,active
2013,mixed,Eric Mack,Carlos Gomez,902,FA,OF,10,act,OF,active
2013,mixed,Eric Mack,Wil Myers,3153,FA,OF,4,act,OF,active
2013,mixed,Eric Mack,Devin Mesoraco,1987,NYM,C,0,act,C,active
2013,mixed,Eric Mack,Wilson Ramos,2170,FA,C,1,act,C,active
2013,mixed,Eric Mack,Dee Gordon,2693,FA,UT,4,act,"SS,MI",active
2013,mixed,Eric Mack,Todd Frazier,1979,Pit,CI,8,act,"1B,CI,3B",active
2013,mixed,Eric Mack,Jedd Gyorko,3700,Mil,MI,6,act,3B,active
2013,mixed,Eric Mack,Jeremy Hellickson,2071,Was,P,6,act,P,active
2013,mixed,Eric Mack,Stephen Strasburg,2528,Was,P,28,act,P,active
2013,mixed,Eric Mack,Clay Buchholz,154,FA,P,2,act,P,active
2013,mixed,Eric Mack,Koji Uehara,2049,FA,P,42,act,P,active
2013,mixed,Eric Mack,Chris Tillman,142,Tex,P,0,act,P,active
2013,mixed,Eric Mack,John Lackey,721,FA,P,7,act,P,active
2013,mixed,Eric Mack,Kevin Gregg,542,FA,P,13,act,P,active
2013,mixed,Eric Mack,Tim Lincecum,1285,FA,P,10,act,P,active
2013,mixed,Eric Mack,Rafael Soriano,70,Tor,P,15,act,P,active
2013,mixed,Eric Mack,A.J. Pollock,2837,FA,OF,1,res,OF,reserved
2013,mixed,Eric Mack,Chris B. Young,40,FA,OF,2,res,OF,reserved
2013,mixed,Eric Mack,Jose Fernandez,3802,Mia,P,8,res,P,reserved
2013,mixed,Eric Mack,Brett Anderson,2011,FA,P,8,res,P,reserved
2013,mixed,Nicholas Minnix,Joey Votto,345,Tor,1B,40,act,"1B,CI",active
2013,mixed,Nicholas Minnix,Anthony Rendon,3205,LAA,2B,1,act,3B,active
2013,mixed,Nicholas Minnix,Jean Segura,3177,Bal,SS,6,act,"SS,MI",active
2013,mixed,Nicholas Minnix,Matt Davidson,2700,FA,3B,5,act,3B,active
2013,mixed,Nicholas Minnix,Domonic Brown,2066,FA,OF,6,act,OF,active
2013,mixed,Nicholas Minnix,Darin Ruf,4191,FA,OF,0,act,"UT,OF",active
2013,mixed,Nicholas Minnix,Carlos Beltran,956,Hou,OF,10,act,OF,active
2013,mixed,Nicholas Minnix,Michael Bourn,636,FA,OF,15,act,OF,active
2013,mixed,Nicholas Minnix,Michael Brantley,2212,FA,OF,1,act,OF,active
2013,mixed,Nicholas Minnix,Travis D'Arnaud,2621,LAA,C,1,act,C,active
2013,mixed,Nicholas Minnix,Jarrod Saltalamacchia,1516,Det,C,5,act,C,active
2013,mixed,Nicholas Minnix,Mitch Moreland,3033,Oak,UT,0,act,"1B,CI",active
2013,mixed,Nicholas Minnix,Tommy Medica,4667,FA,CI,1,act,1B,active
2013,mixed,Nicholas Minnix,Jose Reyes,952,NYM,MI,32,act,"MI,SS",active
2013,mixed,Nicholas Minnix,Josh Fields,2526,FA,P,18,act,P,active
2013,mixed,Nicholas Minnix,Garrett Richards,3535,FA,P,1,act,P,active
2013,mixed,Nicholas Minnix,Martin Perez,2676,Atl,P,0,act,P,active
2013,mixed,Nicholas Minnix,Robbie Erlin,3681,FA,P,1,act,P,active
2013,mixed,Nicholas Minnix,Matt Garza,1441,FA,P,4,act,P,active
2013,mixed,Nicholas Minnix,Danny Farquhar,3065,FA,P,31,act,P,active
2013,mixed,Nicholas Minnix,Francisco Liriano,880,Tor,P,1,act,P,active
2013,mixed,Nicholas Minnix,James Shields,1457,FA,P,15,act,P,active
2013,mixed,Nicholas Minnix,Fernando Rodney,499,FA,P,16,act,P,active
2013,mixed,Nicholas Minnix,Brad Miller,4310,SD,2B,12,res,1B,reserved
2013,mixed,Nicholas Minnix,Chad Gaudin,1054,LAD,P,3,dis,P,reserved
2013,mixed,Nicholas Minnix,Tim Stauffer,1239,Ari,P,0,res,P,reserved
2013,mixed,Nicholas Minnix,Alex Wood,4113,Oak,P,1,res,P,reserved
2013,mixed,Nicholas Minnix,Tyler Chatwood,3080,Ari,P,1,res,P,reserved
2013,mixed,Patrick Davitt,Edwin Encarnacion,339,FA,1B,29,act,"1B,CI",active
2013,mixed,Patrick Davitt,Brandon Phillips,344,FA,2B,19,act,"2B,MI",active
2013,mixed,Patrick Davitt,Ian Desmond,1671,Col,SS,25,act,"UT,MI,SS",active
2013,mixed,Patrick Davitt,Chase Headley,1252,FA,3B,11,act,"3B,CI",active
2013,mixed,Patrick Davitt,Austin Jackson,1039,FA,OF,17,act,OF,active
2013,mixed,Patrick Davitt,Shane Victorino,1138,ChC,OF,14,act,OF,active
2013,mixed,Patrick Davitt,Alfonso Soriano,294,FA,OF,4,act,OF,active
2013,mixed,Patrick Davitt,Adam Jones,133,Ari,OF,20,act,OF,active
2013,mixed,Patrick Davitt,Dayan Viciedo,2126,CWS,OF,5,act,OF,active
2013,mixed,Patrick Davitt,Carlos Santana,2181,Ari,C,27,act,"1B,CI,C",active
2013,mixed,Patrick Davitt,George Kottaras,173,Atl,C,1,act,C,active
2013,mixed,Patrick Davitt,Michael Saunders,2161,FA,UT,3,act,OF,active
2013,mixed,Patrick Davitt,Josh Donaldson,2107,FA,CI,1,act,"3B,CI",active
2013,mixed,Patrick Davitt,Dustin Pedroia,182,Bos,MI,28,act,"2B,MI",active
2013,mixed,Patrick Davitt,Tony Watson,3418,SF,P,0,act,P,active
2013,mixed,Patrick Davitt,Mark Melancon,1022,FA,P,1,act,P,active
2013,mixed,Patrick Davitt,Joaquin Benoit,1493,FA,P,7,act,P,active
2013,mixed,Patrick Davitt,Trevor Rosenthal,3933,FA,P,1,act,P,active
2013,mixed,Patrick Davitt,Sean Doolittle,2332,Was,P,0,act,P,active
2013,mixed,Patrick Davitt,Luke Gregerson,2593,FA,P,0,act,P,active
2013,mixed,Patrick Davitt,Jake McGee,1481,Was,P,1,act,P,active
2013,mixed,Patrick Davitt,Darren O'Day,1964,Atl,P,0,act,P,active
2013,mixed,Patrick Davitt,Kelvin Herrera,3790,ChC,P,1,act,P,active
2013,mixed,Patrick Davitt,Trevor Plouffe,2276,FA,UT,0,res,"3B,OF,CI",reserved
2013,mixed,Patrick Davitt,Josh Rutledge,4084,FA,MI,10,res,"SS,MI",reserved
2013,mixed,Patrick Davitt,Trevor Cahill,2094,FA,P,8,res,P,reserved
2013,mixed,Patrick Davitt,John Lannan,1618,Was,P,0,dis,P,reserved
2013,mixed,Patrick Davitt,Johnny Cueto,354,LAA,P,16,dis,P,reserved
2013,mixed,Patrick Davitt,Jared Burton,316,FA,P,0,res,P,reserved
2013,mixed,Seth Trachtman,Paul Konerko,234,FA,1B,13,act,"1B,CI",active
2013,mixed,Seth Trachtman,Neil Walker,1221,Phi,2B,11,act,"UT,2B,MI",active
2013,mixed,Seth Trachtman,Elvis Andrus,1543,FA,SS,15,act,"MI,SS",active
2013,mixed,Seth Trachtman,Matt Carpenter,3510,StL,3B,7,act,"1B,CI,OF,3B",active
2013,mixed,Seth Trachtman,Hunter Pence,639,SF,OF,9,act,OF,active
2013,mixed,Seth Trachtman,Alex Gordon,681,KC,OF,22,act,OF,active
2013,mixed,Seth Trachtman,Yasiel Puig,4153,FA,OF,1,act,OF,active
2013,mixed,Seth Trachtman,Andre Ethier,797,LAD,OF,12,act,OF,active
2013,mixed,Seth Trachtman,Jackie Bradley,3595,NYM,OF,0,act,OF,active
2013,mixed,Seth Trachtman,Victor Martinez,394,Det,C,14,act,"1B,C",active
2013,mixed,Seth Trachtman,Mike Napoli,733,Cle,C,22,act,"1B,CI,C",active
2013,mixed,Seth Trachtman,Oswaldo Arcia,3617,FA,UT,1,act,OF,active
2013,mixed,Seth Trachtman,Michael Cuddyer,901,NYM,CI,11,act,"OF,CI,1B",active
2013,mixed,Seth Trachtman,Kelly Johnson,78,FA,MI,1,act,"2B,MI",active
2013,mixed,Seth Trachtman,Kris Medlen,2462,Ari,P,15,act,P,active
2013,mixed,Seth Trachtman,Jim Henderson,4167,Mil,P,13,act,P,active
2013,mixed,Seth Trachtman,Dan Haren,7,ChC,P,8,act,P,active
2013,mixed,Seth Trachtman,Edward Mujica,386,StL,P,19,act,P,active
2013,mixed,Seth Trachtman,Scott Feldman,1495,FA,P,0,act,P,active
2013,mixed,Seth Trachtman,Kyle Lohse,1819,KC,P,1,act,P,active
2013,mixed,Seth Trachtman,A.J. Burnett,1554,FA,P,4,act,P,active
2013,mixed,Seth Trachtman,Corey Kluber,3382,Bos,P,0,act,P,active
2013,mixed,Seth Trachtman,Andy Pettitte,996,NYY,P,0,act,P,active
2013,mixed,Seth Trachtman,Brett Gardner,1038,FA,OF,14,res,OF,reserved
2013,mixed,Seth Trachtman,Brett Wallace,2188,FA,UT,4,res,"UT,CI,1B",reserved
2013,mixed,Seth Trachtman,Brandon Beachy,3337,SF,P,1,dis,P,reserved
2013,mixed,Seth Trachtman,Cory Luebke,3127,CWS,P,1,dis,P,reserved
2013,mixed,Seth Trachtman,Scott Baker,869,FA,P,0,res,P,reserved
2013,mixed,Seth Trachtman,Bruce Chen,1720,FA,P,5,res,P,reserved
2013,mixed,Scott Swanay,Chris Davis,1544,Bal,1B,16,act,"1B,OF,CI",active
2013,mixed,Scott Swanay,Gordon Beckham,2356,NYM,2B,1,act,"2B,MI",active
2013,mixed,Scott Swanay,Alexei Ramirez,236,TB,SS,10,act,"SS,MI",active
2013,mixed,Scott Swanay,Adrian Beltre,1355,Tex,3B,26,act,"3B,CI",active
2013,mixed,Scott Swanay,Ryan Sweeney,1080,Min,OF,1,act,OF,active
2013,mixed,Scott Swanay,Mike Trout,2844,LAA,OF,43,act,OF,active
2013,mixed,Scott Swanay,Brandon Moss,187,FA,OF,1,act,"1B,OF,CI",active
2013,mixed,Scott Swanay,Lucas Duda,3305,FA,OF,8,act,OF,active
2013,mixed,Scott Swanay,Alex Presley,3365,FA,OF,7,act,OF,active
2013,mixed,Scott Swanay,Mike Zunino,4012,FA,C,1,act,C,active
2013,mixed,Scott Swanay,A.J. Ellis,817,SD,C,7,act,C,active
2013,mixed,Scott Swanay,Corey Dickerson,3661,FA,UT,1,act,OF,active
2013,mixed,Scott Swanay,Kyle Seager,3774,Sea,CI,12,act,"3B,2B,MI,CI",active
2013,mixed,Scott Swanay,Grant Green,2585,Mia,MI,1,act,2B,active
2013,mixed,Scott Swanay,Zach McAllister,2685,FA,P,1,act,P,active
2013,mixed,Scott Swanay,Jhoulys Chacin,2123,FA,P,0,act,P,active
2013,mixed,Scott Swanay,Jason Grilli,492,FA,P,12,act,P,active
2013,mixed,Scott Swanay,Yu Darvish,2044,SD,P,24,act,P,active
2013,mixed,Scott Swanay,Tyler Clippard,1612,Was,P,1,act,P,active
2013,mixed,Scott Swanay,Jason Vargas,942,FA,P,1,act,P,active
2013,mixed,Scott Swanay,Madison Bumgarner,2053,FA,P,17,act,P,active
2013,mixed,Scott Swanay,Ervin Santana,725,FA,P,1,act,P,active
2013,mixed,Scott Swanay,R.A. Dickey,1334,FA,P,18,act,P,active
2013,mixed,Scott Swanay,Jacoby Ellsbury,186,FA,OF,26,res,OF,reserved
2013,mixed,Scott Swanay,Tyler Flowers,2355,Atl,C,1,dis,C,reserved
2013,mixed,Scott Swanay,Andrew Albers,4639,Sea,P,1,res,P,reserved
2013,mixed,Scott Swanay,Miguel Gonzalez,2228,FA,P,4,res,P,reserved
2013,mixed,Scott Swanay,Jorge De La Rosa,658,Col,P,5,res,P,reserved
2013,mixed,Scott Swanay,Rafael Betancourt,373,FA,P,12,dis,P,reserved
2013,mixed,Cory Schwartz,Brandon Belt,3336,FA,1B,7,act,"1B,CI",active
2013,mixed,Cory Schwartz,Ian Kinsler,1520,SD,2B,28,act,"2B,MI",active
2013,mixed,Cory Schwartz,Jed Lowrie,201,Oak,SS,5,act,"SS,MI",active
2013,mixed,Cory Schwartz,David Wright,953,FA,3B,28,act,"3B,CI",active
2013,mixed,Cory Schwartz,Coco Crisp,184,Cle,OF,6,act,OF,active
2013,mixed,Cory Schwartz,Marlon Byrd,1527,FA,OF,1,act,OF,active
2013,mixed,Cory Schwartz,Angel Pagan,959,FA,OF,13,act,OF,active
2013,mixed,Cory Schwartz,Matt Kemp,799,FA,OF,37,act,OF,active
2013,mixed,Cory Schwartz,Will Venable,1278,LAD,OF,2,act,OF,active
2013,mixed,Cory Schwartz,Buster Posey,2187,SF,C,26,act,"C,CI,1B",active
2013,mixed,Cory Schwartz,Josmil Pinto,4231,FA,C,5,act,C,active
2013,mixed,Cory Schwartz,Cody Asche,4188,Min,UT,1,act,1B,active
2013,mixed,Cory Schwartz,Brett Lawrie,2186,FA,CI,17,act,"UT,3B,CI",active
2013,mixed,Cory Schwartz,Howie Kendrick,739,Was,MI,12,act,"2B,MI",active
2013,mixed,Cory Schwartz,Greg Holland,3343,Tex,P,13,act,P,active
2013,mixed,Cory Schwartz,Aroldis Chapman,2894,Bos,P,21,act,P,active
2013,mixed,Cory Schwartz,Yusmeiro Petit,16,FA,P,1,act,P,active
2013,mixed,Cory Schwartz,Brad Peacock,3746,Min,P,1,act,P,active
2013,mixed,Cory Schwartz,Marco Estrada,2185,FA,P,7,act,P,active
2013,mixed,Cory Schwartz,Jarrod Parker,1978,Oak,P,7,act,P,active
2013,mixed,Cory Schwartz,Ubaldo Jimenez,438,Col,P,8,act,P,active
2013,mixed,Cory Schwartz,Yovani Gallardo,829,FA,P,15,act,P,active
2013,mixed,Cory Schwartz,Charlie Morton,61,FA,P,1,act,P,active
2013,mixed,Cory Schwartz,David Murphy,1531,Min,OF,1,res,OF,reserved
2013,mixed,Cory Schwartz,Melky Cabrera,1014,NYM,OF,15,dis,OF,reserved
2013,mixed,Cory Schwartz,Jason Castro,2343,Hou,C,7,res,C,reserved
2013,mixed,Cory Schwartz,Scooter Gennett,3277,FA,UT,1,res,2B,reserved
2013,mixed,Cory Schwartz,Eduardo Nunez,1033,NYM,UT,1,res,"SS,MI",reserved
2013,mixed,Cory Schwartz,Samuel Deduno,2246,FA,P,1,dis,P,reserved
2013,mixed,Cory Schwartz,Drew Smyly,3904,FA,P,1,res,P,reserved
2013,mixed,Cory Schwartz,Josh Johnson,544,SF,P,8,dis,P,reserved
