year,league,team,player_name,player_id,mlb_team,position,salary,status,roster_section,eligibility,g,w,l,sv,ip,bb,hr,so,era,whip
2013,mixed,David Gonos,Jim Johnson,110,Atl,P,12,act,active,P,37,1,3,24,35.0,10,2,30,2.057,1.4286
2013,mixed,David Gonos,Hyun-Jin Ryu,2609,LAD,P,0,act,active,P,8,4,4,0,50.7,6,4,42,2.664,1.0263
2013,mixed,David Gonos,Yordano Ventura,3761,KC,P,1,act,active,P,2,0,1,0,9.7,4,3,8,4.655,1.2414
2013,mixed,David Gonos,Anibal Sanchez,556,Det,P,6,act,active,P,28,13,8,0,177.0,53,9,198,2.593,1.1638
2013,mixed,David Gonos,Jake Peavy,1237,SF,P,9,act,active,P,22,11,5,0,138.7,36,19,118,4.219,1.1466
2013,mixed,David Gonos,David Price,1453,Det,P,28,act,active,P,7,2,3,0,49.3,7,2,40,3.466,1.1149
2013,mixed,David Gonos,Craig Kimbrel,2633,Atl,P,22,act,active,P,68,4,3,50,67.0,20,4,98,1.209,0.8806
2013,mixed,David Gonos,Hisashi Iwakuma,2630,Sea,P,3,act,active,P,33,14,6,0,219.7,42,25,185,2.663,1.0061
2013,mixed,David Gonos,Hiroki Kuroda,771,FA,P,8,act,active,P,32,11,13,0,201.3,43,20,150,3.308,1.1623
2013,mixed,David Gonos,Cole Hamels,1108,Phi,P,26,res,previously_active,P,5,3,1,0,35.0,6,4,38,3.6,1.0571
2013,mixed,David Gonos,Justin Masterson,195,Bos,P,0,rel,previously_active,,29,14,10,0,189.3,75,13,188,3.518,1.2148
2013,mixed,David Gonos,Nick Tepesch,4387,Tex,P,1,rel,previously_active,,6,1,2,0,26.0,9,4,24,6.231,1.5
2013,mixed,David Gonos,Josh Johnson,544,SD,P,8,trd,previously_active,,12,1,6,0,62.0,22,12,67,6.677,1.629
2013,mixed,David Gonos,Drew Smyly,3904,TB,P,1,trd,previously_active,,31,2,0,1,41.3,9,1,46,1.742,0.9435
2013,mixed,David Gonos,Randall Delgado,2725,Ari,P,2,res,previously_active,P,5,1,2,0,25.7,7,9,20,6.662,1.4416
2013,mixed,David Gonos,Trevor Rosenthal,3933,StL,P,1,trd,previously_active,,3,0,1,0,3.0,0,0,1,3.0,1.0
2013,mixed,David Gonos,Jonathan Pettibone,4065,Phi,P,1,dis,previously_active,P,3,0,1,0,17.3,5,1,9,4.154,1.1538
2013,mixed,David Gonos,Kevin Correia,1282,FA,P,1,rel,previously_active,,5,1,3,0,28.7,7,11,13,6.279,1.5698
2013,mixed,David Gonos,Roberto Hernandez,376,Hou,P,0,rel,previously_active,,4,1,2,0,23.7,5,5,13,4.944,1.2676
2013,mixed,David Gonos,Shelby Miller,2839,Atl,P,3,trd,previously_active,,15,8,5,0,92.0,20,8,101,2.348,1.0
2013,mixed,David Gonos,Drew Storen,2834,Was,P,1,rel,previously_active,,5,1,1,0,4.3,1,2,4,14.538,1.8462
2013,mixed,David Gonos,Brett Cecil,2077,Tor,P,1,rel,previously_active,,6,0,0,0,5.3,2,0,5,6.75,2.0625
2013,mixed,David Gonos,Phil Coke,2198,FA,P,2,rel,previously_active,,3,0,1,1,1.7,0,0,1,16.2,3.0
2013,mixed,David Gonos,Jonathan Pettibone,4065,Phi,P,1,dis,reserved,P,7,2,2,0,36.0,17,2,25,4.5,1.6667
2013,mixed,David Gonos,Randall Delgado,2725,Ari,P,2,res,reserved,P,6,1,2,0,37.0,6,8,21,4.622,0.9189
2013,mixed,David Gonos,Cole Hamels,1108,Phi,P,26,res,reserved,P,1,0,0,0,6.0,2,0,6,3.0,1.1667
2013,mixed,David Gonos,Roberto Hernandez,376,Hou,P,0,rel,previously_reserved,,20,5,11,0,114.0,25,17,86,4.974,1.3333
2013,mixed,David Gonos,Trevor Rosenthal,3933,StL,P,1,trd,previously_reserved,,9,0,1,0,9.3,6,1,12,3.857,1.6071
2013,mixed,David Gonos,Kevin Correia,1282,FA,P,1,rel,previously_reserved,,1,1,0,0,5.3,0,0,1,5.062,1.6875
2013,mixed,David Gonos,Drew Storen,2834,Was,P,1,rel,previously_reserved,,7,0,0,0,5.3,3,1,5,11.813,2.0625
2013,mixed,David Gonos,Jake Peavy,1237,SF,P,9,act,previously_reserved,P,1,1,0,0,6.0,0,1,3,3.0,1.1667
2013,mixed,David Gonos,Jonathan Broxton,768,Mil,P,2,rel,previously_reserved,,5,0,1,0,4.7,3,2,4,11.571,1.5
2013,mixed,David Gonos,Brett Cecil,2077,Tor,P,1,rel,previously_reserved,,21,2,1,0,24.7,9,1,31,1.459,0.7703
2013,mixed,David Gonos,Phil Coke,2198,FA,P,2,rel,previously_reserved,,7,0,2,0,8.0,5,1,9,5.625,1.0
2013,mixed,David Gonos,Drew Smyly,3904,TB,P,1,trd,previously_reserved,,7,2,0,0,14.3,2,0,13,1.256,0.8372
2013,mixed,David Gonos,Josh Johnson,544,SD,P,8,trd,previously_reserved,,2,0,1,0,12.0,4,2,10,3.0,1.25
2013,mixed,David Gonos,Anibal Sanchez,556,Det,P,6,act,previously_reserved,P,1,1,0,0,5.0,1,0,4,1.8,0.8
2013,mixed,David Gonos,Nick Tepesch,4387,Tex,P,1,rel,previously_reserved,,10,2,3,0,53.0,12,7,42,4.245,1.2453
2013,mixed,David Gonos,Hyun-Jin Ryu,2609,LAD,P,0,act,previously_reserved,P,2,1,1,0,12.3,1,0,7,2.919,1.5405
2013,mixed,Scott Swanay,Jason Vargas,942,KC,P,1,act,active,P,17,8,5,0,110.0,33,11,84,3.764,1.2727
2013,mixed,Scott Swanay,Zach McAllister,2685,Cle,P,1,act,active,P,2,1,0,0,9.3,4,1,6,0.964,1.5
2013,mixed,Scott Swanay,Ervin Santana,725,Min,P,1,act,active,P,29,8,9,0,194.3,48,22,146,3.057,1.1218
2013,mixed,Scott Swanay,Madison Bumgarner,2053,SF,P,17,act,active,P,10,3,3,0,61.3,23,3,64,2.788,1.2228
2013,mixed,Scott Swanay,Yu Darvish,2044,Tex,P,24,act,active,P,32,13,9,0,209.7,80,26,277,2.833,1.0731
2013,mixed,Scott Swanay,Jhoulys Chacin,2123,Col,P,0,act,active,P,28,13,8,0,177.3,55,11,115,3.451,1.2462
2013,mixed,Scott Swanay,Jason Grilli,492,Atl,P,12,act,active,P,52,0,2,33,48.3,12,4,72,2.607,1.0345
2013,mixed,Scott Swanay,R.A. Dickey,1334,Tor,P,18,act,active,P,34,14,13,0,224.7,71,35,177,4.206,1.2374
2013,mixed,Scott Swanay,Tyler Clippard,1612,Oak,P,1,act,active,P,21,0,2,0,20.7,5,5,22,3.919,0.9194
2013,mixed,Scott Swanay,Chad Gaudin,1054,FA,P,1,rel,previously_active,,1,0,0,0,5.0,1,2,0,7.2,1.8
2013,mixed,Scott Swanay,Ubaldo Jimenez,438,Bal,P,0,rel,previously_active,,3,0,2,0,11.0,9,3,9,14.727,2.0
2013,mixed,Scott Swanay,Jorge De La Rosa,658,Col,P,5,res,previously_active,P,22,11,4,0,123.7,50,9,80,3.42,1.4313
2013,mixed,Scott Swanay,John Danks,208,CWS,P,2,rel,previously_active,,3,1,2,0,21.0,3,3,13,4.286,1.0
2013,mixed,Scott Swanay,Mark Buehrle,206,Tor,P,1,rel,previously_active,,4,0,2,0,25.0,7,8,14,6.12,1.36
2013,mixed,Scott Swanay,Dylan Axelrod,3829,Cin,P,2,rel,previously_active,,8,2,1,0,43.3,18,10,24,5.608,1.7077
2013,mixed,Scott Swanay,Andrew Albers,4639,Tor,P,1,res,previously_active,P,4,1,1,0,24.7,1,1,12,3.649,1.0135
2013,mixed,Scott Swanay,Cole Hamels,1108,Phi,P,26,trd,previously_active,,4,0,2,0,27.0,6,1,19,2.667,1.1852
2013,mixed,Scott Swanay,Tyler Thornburg,3750,Mil,P,1,rel,previously_active,,2,0,0,0,7.7,8,0,3,3.522,1.8261
2013,mixed,Scott Swanay,Vance Worley,2757,Pit,P,1,rel,previously_active,,3,0,2,0,12.0,4,0,6,10.5,2.4167
2013,mixed,Scott Swanay,Bud Norris,2113,Bal,P,1,rel,previously_active,,16,5,7,0,86.7,31,14,73,5.608,1.5462
2013,mixed,Scott Swanay,Carlos Villanueva,843,StL,P,2,rel,previously_active,,7,0,4,0,45.0,12,5,32,4.0,1.1333
2013,mixed,Scott Swanay,Carlos Marmol,269,Cin,P,7,rel,previously_active,,3,0,1,1,1.7,2,2,2,27.0,4.8
2013,mixed,Scott Swanay,Rafael Betancourt,373,Col,P,12,dis,previously_active,P,30,1,5,16,26.7,11,2,24,4.387,1.3875
2013,mixed,Scott Swanay,David Robertson,2132,CWS,P,1,rel,previously_active,,6,1,0,0,6.3,2,0,8,0.0,0.7895
2013,mixed,Scott Swanay,Michael Wacha,4080,StL,P,9,rel,previously_active,,3,1,0,0,17.7,4,2,14,4.585,1.1887
2013,mixed,Scott Swanay,Miguel Gonzalez,2228,Bal,P,4,res,previously_active,P,8,2,2,0,43.7,12,4,31,3.71,1.374
2013,mixed,Scott Swanay,Rafael Betancourt,373,Col,P,12,dis,reserved,P,2,1,0,0,2.0,0,0,3,0.0,0.0
2013,mixed,Scott Swanay,Miguel Gonzalez,2228,Bal,P,4,res,reserved,P,9,4,3,0,46.0,14,9,30,3.913,1.1739
2013,mixed,Scott Swanay,Andrew Albers,4639,Tor,P,1,res,reserved,P,5,0,4,0,27.0,5,5,11,5.667,1.5185
2013,mixed,Scott Swanay,Jorge De La Rosa,658,Col,P,5,res,reserved,P,4,3,1,0,21.7,4,0,15,4.569,1.4769
2013,mixed,Scott Swanay,David Robertson,2132,CWS,P,1,rel,previously_reserved,,25,1,1,2,22.7,10,1,24,2.382,1.3235
2013,mixed,Scott Swanay,Michael Wacha,4080,StL,P,9,rel,previously_reserved,,6,1,0,0,11.7,4,2,16,3.857,1.2
2013,mixed,Scott Swanay,Carlos Marmol,269,Cin,P,7,rel,previously_reserved,,18,2,1,1,17.3,12,1,16,2.077,1.3269
2013,mixed,Scott Swanay,Jhoulys Chacin,2123,Col,P,0,act,previously_reserved,P,3,1,2,0,20.0,6,0,11,3.6,1.4
2013,mixed,Scott Swanay,Carlos Villanueva,843,StL,P,2,rel,previously_reserved,,3,1,1,0,17.7,8,3,8,6.113,1.5849
2013,mixed,Scott Swanay,Bud Norris,2113,Bal,P,1,rel,previously_reserved,,14,5,4,0,83.7,32,3,66,2.582,1.3745
2013,mixed,Scott Swanay,Vance Worley,2757,Pit,P,1,rel,previously_reserved,,3,0,2,0,16.7,5,4,11,4.86,1.56
2013,mixed,Scott Swanay,Jason Grilli,492,Atl,P,12,act,previously_reserved,P,2,0,0,0,1.7,1,0,2,5.4,1.8
2013,mixed,Scott Swanay,Tyler Clippard,1612,Oak,P,1,act,previously_reserved,P,8,0,0,0,7.7,1,1,5,1.174,0.5217
2013,mixed,Scott Swanay,Jason Vargas,942,KC,P,1,act,previously_reserved,P,7,1,3,0,40.0,13,6,25,4.725,1.7
2013,mixed,Scott Swanay,Lucas Harrell,214,FA,P,0,rel,previously_reserved,,4,1,2,0,21.7,13,5,15,4.985,1.7077
2013,mixed,Scott Swanay,Ervin Santana,725,Min,P,1,act,previously_reserved,P,3,1,1,0,16.7,3,4,15,5.4,1.38
2013,mixed,Scott Swanay,Dylan Axelrod,3829,Cin,P,2,rel,previously_reserved,,3,1,2,0,14.0,1,3,12,6.429,1.6429
2013,mixed,Scott Swanay,John Danks,208,CWS,P,2,rel,previously_reserved,,2,0,1,0,13.3,2,4,7,6.075,1.575
2013,mixed,Scott Swanay,Ubaldo Jimenez,438,Bal,P,0,rel,previously_reserved,,1,0,0,0,6.0,2,1,6,1.5,0.8333
2013,mixed,Scott Swanay,Chad Gaudin,1054,FA,P,1,rel,previously_reserved,,3,1,0,0,16.3,7,0,15,1.102,0.9796
2013,mixed,Eric Mack,Koji Uehara,2049,Bos,P,42,act,active,P,41,4,1,20,44.3,2,1,59,0.406,0.3609
2013,mixed,Eric Mack,Tim Lincecum,1285,SF,P,10,act,active,P,32,10,14,0,197.7,76,21,193,4.371,1.3153
2013,mixed,Eric Mack,Stephen Strasburg,2528,Was,P,28,act,active,P,29,8,8,0,178.0,52,16,187,3.034,1.0506
2013,mixed,Eric Mack,Clay Buchholz,154,Bos,P,2,act,active,P,16,12,1,0,108.3,36,4,96,1.745,1.0246
2013,mixed,Eric Mack,Jeremy Hellickson,2071,Ari,P,6,act,active,P,32,12,10,0,174.0,50,24,135,5.172,1.3506
2013,mixed,Eric Mack,Chris Tillman,142,Bal,P,0,act,active,P,10,2,4,0,66.3,17,9,61,3.663,1.0704
2013,mixed,Eric Mack,Kevin Gregg,542,Cin,P,13,act,active,P,55,2,6,28,56.0,30,6,52,3.857,1.3929
2013,mixed,Eric Mack,John Lackey,721,StL,P,7,act,active,P,26,8,12,0,172.3,34,25,148,3.656,1.1431
2013,mixed,Eric Mack,Rafael Soriano,70,FA,P,15,act,active,P,68,3,3,43,66.7,17,7,51,3.105,1.23
2013,mixed,Eric Mack,Kevin Gausman,4053,Bal,P,1,rel,previously_active,,3,0,2,0,14.3,4,4,10,9.419,1.7442
2013,mixed,Eric Mack,Kyuji Fujikawa,2025,Tex,P,6,rel,previously_active,,5,1,0,2,4.3,1,0,4,12.462,2.0769
2013,mixed,Eric Mack,Zach Britton,3134,Bal,P,1,rel,previously_active,,2,0,2,0,11.0,5,3,2,9.0,2.0909
2013,mixed,Eric Mack,Brett Anderson,2011,LAD,P,8,res,previously_active,P,5,1,4,0,23.7,13,3,24,7.225,1.7746
2013,mixed,Eric Mack,Jake McGee,1481,TB,P,0,rel,previously_active,,1,0,0,0,1.0,0,1,1,9.0,1.0
2013,mixed,Eric Mack,Jose Fernandez,3802,Mia,P,8,res,previously_active,P,26,12,6,0,163.7,54,9,175,2.145,0.9715
2013,mixed,Eric Mack,Barry Zito,1298,Oak,P,1,rel,previously_active,,6,0,2,0,29.3,13,5,25,6.443,1.8409
2013,mixed,Eric Mack,Jenrry Mejia,2722,NYM,P,3,rel,previously_active,,4,0,2,0,20.3,4,2,20,3.098,1.2295
2013,mixed,Eric Mack,Juan Nicasio,2947,LAD,P,1,rel,previously_active,,1,0,0,0,7.0,1,0,9,0.0,0.4286
2013,mixed,Eric Mack,Tommy Hanson,2019,CWS,P,1,rel,previously_active,,9,4,1,0,46.0,21,8,38,5.478,1.6087
2013,mixed,Eric Mack,James Russell,3010,Atl,P,1,rel,previously_active,,7,0,0,0,5.7,1,0,5,0.0,0.5294
2013,mixed,Eric Mack,Alberto Alburquerque,2945,Det,P,0,rel,previously_active,,3,0,0,0,2.0,2,0,3,0.0,2.0
2013,mixed,Eric Mack,Jose Fernandez,3802,Mia,P,8,res,reserved,P,1,0,0,0,4.0,3,1,4,4.5,1.5
2013,mixed,Eric Mack,Brett Anderson,2011,LAD,P,8,res,reserved,P,11,0,0,3,21.0,8,2,22,4.714,1.4286
2013,mixed,Eric Mack,Kevin Gausman,4053,Bal,P,1,rel,previously_reserved,,2,0,1,0,10.3,2,3,10,5.226,1.4516
2013,mixed,Eric Mack,Kyuji Fujikawa,2025,Tex,P,6,rel,previously_reserved,,7,0,1,0,7.7,1,1,10,1.174,0.5217
2013,mixed,Eric Mack,Bruce Rondon,4157,Det,P,6,rel,previously_reserved,,2,0,0,0,2.0,0,0,1,4.5,1.5
2013,mixed,Eric Mack,Drew Storen,2834,Was,P,0,rel,previously_reserved,,9,0,0,0,9.3,1,2,10,5.786,1.7143
2013,mixed,Eric Mack,Tommy Hanson,2019,CWS,P,1,rel,previously_reserved,,4,0,2,0,21.7,7,2,14,5.815,1.5231
2013,mixed,Eric Mack,Stephen Strasburg,2528,Was,P,28,act,previously_reserved,P,1,0,1,0,5.0,4,0,4,1.8,1.0
2013,mixed,Eric Mack,Jake McGee,1481,TB,P,0,rel,previously_reserved,,8,0,2,0,7.0,5,1,6,10.286,2.1429
2013,mixed,Eric Mack,Barry Zito,1298,Oak,P,1,rel,previously_reserved,,5,0,2,0,15.3,8,5,11,9.391,2.2826
2013,mixed,Eric Mack,Kevin Gregg,542,Cin,P,13,act,previously_reserved,P,2,0,0,2,2.0,0,0,0,0.0,1.0
2013,mixed,Eric Mack,John Lackey,721,StL,P,7,act,previously_reserved,P,1,1,0,0,6.7,3,0,1,1.35,1.35
2013,mixed,Seth Trachtman,Edward Mujica,386,Bos,P,19,act,active,P,34,2,1,16,32.7,4,5,19,3.582,1.3469
2013,mixed,Seth Trachtman,Andy Pettitte,996,NYY,P,0,act,active,P,22,8,8,0,139.3,37,11,97,3.746,1.2847
2013,mixed,Seth Trachtman,Jim Henderson,4167,Mil,P,13,act,active,P,52,4,5,26,51.0,23,8,62,3.176,1.2157
2013,mixed,Seth Trachtman,A.J. Burnett,1554,Pit,P,4,act,active,P,15,6,5,0,96.7,30,3,107,3.538,1.3034
2013,mixed,Seth Trachtman,Kyle Lohse,1819,Mil,P,1,act,active,P,27,10,9,0,168.0,31,19,108,3.321,1.1726
2013,mixed,Seth Trachtman,Kris Medlen,2462,KC,P,15,act,active,P,32,15,12,0,197.0,47,18,157,3.107,1.2234
2013,mixed,Seth Trachtman,Scott Feldman,1495,Hou,P,0,act,active,P,28,12,10,0,172.3,50,18,123,3.917,1.1547
2013,mixed,Seth Trachtman,Corey Kluber,3382,Cle,P,0,act,active,P,11,4,2,0,60.7,17,9,57,4.747,1.467
2013,mixed,Seth Trachtman,Dan Haren,7,Mia,P,8,act,active,P,28,8,13,1,152.7,27,27,135,4.893,1.2642
2013,mixed,Seth Trachtman,Brandon Beachy,3337,FA,P,1,dis,previously_active,P,5,2,1,0,30.0,4,5,23,4.5,1.0333
2013,mixed,Seth Trachtman,Barry Zito,1298,Oak,P,1,trd,previously_active,,6,3,1,0,32.3,12,3,25,4.175,1.4845
2013,mixed,Seth Trachtman,Phil Hughes,987,Min,P,0,rel,previously_active,,20,4,10,0,108.3,37,18,87,4.985,1.4308
2013,mixed,Seth Trachtman,Gio Gonzalez,1084,Was,P,18,trd,previously_active,,15,3,3,0,91.7,41,9,93,3.338,1.1455
2013,mixed,Seth Trachtman,Jake Westbrook,393,StL,P,0,rel,previously_active,,8,3,3,0,47.0,16,3,14,4.404,1.5319
2013,mixed,Seth Trachtman,Brandon League,1560,LAD,P,7,rel,previously_active,,29,3,3,14,28.3,8,4,13,5.082,1.4471
2013,mixed,Seth Trachtman,Francisco Rodriguez,724,FA,P,23,rel,previously_active,,10,1,0,4,10.0,4,2,7,1.8,1.0
2013,mixed,Seth Trachtman,Jason Marquis,270,Cin,P,0,rel,previously_active,,1,0,0,0,5.3,4,2,6,5.062,2.0625
2013,mixed,Seth Trachtman,Bruce Chen,1720,Cle,P,5,res,previously_active,P,6,1,3,0,33.3,11,4,18,5.94,1.38
2013,mixed,Seth Trachtman,Joe Blanton,1042,KC,P,0,rel,previously_active,,1,0,1,0,5.0,1,3,4,7.2,1.6
2013,mixed,Seth Trachtman,Cory Luebke,3127,SD,P,1,dis,reserved,P,0,0,0,0,0.0,0,0,0,0.0,0.0
2013,mixed,Seth Trachtman,Bruce Chen,1720,Cle,P,5,res,reserved,P,4,3,1,0,22.3,8,3,13,3.627,1.2537
2013,mixed,Seth Trachtman,Scott Baker,869,NYY,P,0,res,reserved,P,3,0,0,0,15.0,4,3,6,3.6,0.8667
2013,mixed,Seth Trachtman,Brandon Beachy,3337,FA,P,1,dis,reserved,P,0,0,0,0,0.0,0,0,0,0.0,0.0
2013,mixed,Seth Trachtman,Jake Westbrook,393,StL,P,0,rel,previously_reserved,,12,4,5,0,68.7,34,4,30,4.85,1.5874
2013,mixed,Seth Trachtman,Francisco Rodriguez,724,FA,P,23,rel,previously_reserved,,12,0,1,5,12.3,5,1,16,1.459,1.3784
2013,mixed,Seth Trachtman,Kyle Lohse,1819,Mil,P,1,act,previously_reserved,P,5,1,1,0,30.7,5,7,17,3.522,1.1413
2013,mixed,Seth Trachtman,Jim Henderson,4167,Mil,P,13,act,previously_reserved,P,6,0,0,2,6.0,1,0,9,0.0,0.6667
2013,mixed,Seth Trachtman,A.J. Burnett,1554,Pit,P,4,act,previously_reserved,P,1,0,0,0,5.0,2,0,3,1.8,1.0
2013,mixed,Seth Trachtman,Joe Blanton,1042,KC,P,0,rel,previously_reserved,,2,0,2,0,9.7,3,3,4,9.31,2.2759
2013,mixed,Seth Trachtman,Andy Pettitte,996,NYY,P,0,act,previously_reserved,P,8,3,3,0,46.0,11,6,31,3.717,1.4565
2013,mixed,Seth Trachtman,Dan Haren,7,Mia,P,8,act,previously_reserved,P,3,2,1,0,17.0,4,1,16,2.647,1.0
2013,mixed,Seth Trachtman,Barry Zito,1298,Oak,P,1,trd,previously_reserved,,5,0,3,0,29.3,11,1,10,4.909,1.7386
2013,mixed,Seth Trachtman,Corey Kluber,3382,Cle,P,0,act,previously_reserved,P,6,4,0,0,43.3,8,1,33,2.077,1.0154
2013,mixed,Seth Trachtman,Phil Hughes,987,Min,P,0,rel,previously_reserved,,8,0,3,0,32.0,4,5,30,5.344,1.4062
2013,mixed,Seth Trachtman,Scott Feldman,1495,Hou,P,0,act,previously_reserved,P,2,0,2,0,9.3,6,1,9,2.893,1.7143
2013,mixed,Tim Heaney,Brad Ziegler,1090,Ari,P,5,act,active,P,28,4,0,10,28.7,9,1,20,1.884,1.2907
2013,mixed,Tim Heaney,Rex Brothers,2851,Col,P,8,act,active,P,37,1,1,16,34.7,22,3,43,2.596,1.5288
2013,mixed,Tim Heaney,Jered Weaver,730,LAA,P,20,act,active,P,24,11,8,0,154.3,37,17,117,3.266,1.1404
2013,mixed,Tim Heaney,Matt Cain,1279,SF,P,23,act,active,P,27,7,9,0,166.0,46,23,144,4.175,1.1205
2013,mixed,Tim Heaney,Dillon Gee,2439,NYM,P,0,act,active,P,19,8,5,0,128.0,27,15,79,2.883,1.1484
2013,mixed,Tim Heaney,Julio Teheran,2098,Atl,P,6,act,active,P,24,12,8,0,150.3,37,16,147,2.814,1.0909
2013,mixed,Tim Heaney,John Danks,208,CWS,P,1,act,active,P,5,1,4,0,30.0,4,7,20,5.7,1.4
2013,mixed,Tim Heaney,Matt Moore,3149,TB,P,16,act,active,P,26,16,4,0,144.0,73,14,139,3.25,1.3056
2013,mixed,Tim Heaney,Jonathan Papelbon,165,Phi,P,22,act,active,P,61,5,1,29,61.7,11,6,57,2.919,1.1351
2013,mixed,Tim Heaney,Chad Billingsley,766,Phi,P,1,rel,previously_active,,2,1,0,0,12.0,5,1,6,3.0,1.4167
2013,mixed,Tim Heaney,Joe Blanton,1042,KC,P,1,rel,previously_active,,1,0,0,0,5.7,1,1,7,6.353,1.7647
2013,mixed,Tim Heaney,Wade Davis,1479,KC,P,7,rel,previously_active,,6,1,3,0,31.0,19,4,24,6.387,2.1613
2013,mixed,Tim Heaney,Andrew Cashner,2429,SD,P,1,res,previously_active,P,26,8,8,0,147.7,40,11,110,3.047,1.1377
2013,mixed,Tim Heaney,Andrew Bailey,2326,NYY,P,1,rel,previously_active,,20,3,1,8,18.3,9,6,23,5.4,1.5273
2013,mixed,Tim Heaney,Kevin Slowey,887,Phi,P,1,rel,previously_active,,7,1,2,0,38.3,8,8,29,5.87,1.3304
2013,mixed,Tim Heaney,Heath Bell,1223,Was,P,1,rel,previously_active,,3,0,0,0,2.0,1,0,3,4.5,1.5
2013,mixed,Tim Heaney,A.J. Ramos,3941,Mia,P,1,rel,previously_active,,3,0,0,0,3.7,2,0,4,0.0,0.5455
2013,mixed,Tim Heaney,Mike Dunn,2280,Mia,P,1,rel,previously_active,,2,0,0,0,0.3,1,0,1,0.0,3.0
2013,mixed,Tim Heaney,J.A. Happ,1109,Sea,P,2,rel,previously_active,,2,1,1,0,10.7,4,2,7,7.594,1.4062
2013,mixed,Tim Heaney,Josh Fields,2526,Hou,P,1,rel,previously_active,,3,0,0,0,2.3,0,0,3,0.0,0.8571
2013,mixed,Tim Heaney,Wei-Yin Chen,3151,Bal,P,1,trd,previously_active,,8,3,3,0,47.3,12,3,27,3.042,1.2042
2013,mixed,Tim Heaney,Kelvin Herrera,3790,KC,P,1,rel,previously_active,,6,2,2,1,6.0,3,4,8,9.0,1.6667
2013,mixed,Tim Heaney,Trevor Rosenthal,3933,StL,P,2,rel,previously_active,,16,0,0,0,15.7,5,2,21,3.447,1.4681
2013,mixed,Tim Heaney,Felix Doubront,2227,ChC,P,1,rel,previously_active,,13,6,4,0,74.7,29,5,57,4.098,1.3393
2013,mixed,Tim Heaney,Justin Grimm,4148,ChC,P,1,rel,previously_active,,4,1,3,0,23.3,10,4,21,5.786,1.6286
2013,mixed,Tim Heaney,Roy Oswalt,617,Col,P,1,rel,previously_active,,3,0,3,0,12.7,2,1,12,7.816,1.7368
2013,mixed,Tim Heaney,Jake Arrieta,2080,ChC,P,0,rel,previously_active,,1,0,0,0,5.0,2,0,5,9.0,1.8
2013,mixed,Tim Heaney,Octavio Dotel,210,Det,P,1,rel,previously_active,,2,0,0,0,1.7,1,0,1,10.8,2.4
2013,mixed,Tim Heaney,Andrew Cashner,2429,SD,P,1,res,reserved,P,5,2,1,0,27.3,7,1,18,3.293,1.0976
2013,mixed,Tim Heaney,Jake Arrieta,2080,ChC,P,0,rel,previously_reserved,,1,0,0,0,5.0,4,0,2,5.4,1.4
2013,mixed,Tim Heaney,Felix Doubront,2227,ChC,P,1,rel,previously_reserved,,4,0,0,0,24.0,8,2,19,2.625,1.125
2013,mixed,Tim Heaney,Roy Oswalt,617,Col,P,1,rel,previously_reserved,,1,0,1,0,3.3,2,0,2,13.5,1.8
2013,mixed,Tim Heaney,Kelvin Herrera,3790,KC,P,1,rel,previously_reserved,,7,0,0,1,6.3,2,1,11,1.421,0.9474
2013,mixed,Tim Heaney,Trevor Rosenthal,3933,StL,P,2,rel,previously_reserved,,9,0,0,0,9.3,1,0,16,0.0,0.75
2013,mixed,Tim Heaney,Josh Fields,2526,Hou,P,1,rel,previously_reserved,,3,0,0,0,1.0,0,0,2,0.0,0.0
2013,mixed,Tim Heaney,Matt Moore,3149,TB,P,16,act,previously_reserved,P,1,1,0,0,6.3,3,0,4,4.263,1.1053
2013,mixed,Tim Heaney,Heath Bell,1223,Was,P,1,rel,previously_reserved,,2,0,0,0,2.0,0,0,0,0.0,1.0
2013,mixed,Tim Heaney,Dillon Gee,2439,NYM,P,0,act,previously_reserved,P,1,0,0,0,7.0,2,0,7,2.571,1.1429
2013,mixed,Tim Heaney,John Danks,208,CWS,P,1,act,previously_reserved,P,5,0,4,0,26.3,5,8,14,7.177,1.443
2013,mixed,Tim Heaney,Kevin Slowey,887,Phi,P,1,rel,previously_reserved,,1,0,1,0,5.0,0,1,6,1.8,1.2
2013,mixed,Tim Heaney,Matt Cain,1279,SF,P,23,act,previously_reserved,P,3,1,1,0,18.3,9,0,14,2.455,1.4727
2013,mixed,Tim Heaney,Andrew Bailey,2326,NYY,P,1,rel,previously_reserved,,1,0,0,0,0.7,0,1,2,13.5,1.5
2013,mixed,Tim Heaney,Rex Brothers,2851,Col,P,8,act,previously_reserved,P,11,0,0,2,10.7,5,2,12,1.687,0.75
2013,mixed,Tim Heaney,Joe Blanton,1042,KC,P,1,rel,previously_reserved,,2,0,2,0,9.0,7,5,5,10.0,2.2222
2013,mixed,Tim Heaney,Wade Davis,1479,KC,P,7,rel,previously_reserved,,7,1,3,0,35.7,15,5,34,6.308,1.7383
2013,mixed,Patrick Davitt,Jake McGee,1481,TB,P,1,act,active,P,14,2,0,0,11.7,5,2,11,4.629,1.3714
2013,mixed,Patrick Davitt,Tony Watson,3418,Pit,P,0,act,active,P,19,0,0,0,15.3,0,0,8,0.0,0.587
2013,mixed,Patrick Davitt,Trevor Rosenthal,3933,StL,P,1,act,active,P,15,1,1,3,14.0,3,0,22,3.214,0.7143
2013,mixed,Patrick Davitt,Mark Melancon,1022,Pit,P,1,act,active,P,47,2,2,15,46.0,5,1,45,1.761,0.9348
2013,mixed,Patrick Davitt,Darren O'Day,1964,Bal,P,0,act,active,P,48,3,3,1,42.3,6,6,39,2.339,0.8976
2013,mixed,Patrick Davitt,Joaquin Benoit,1493,SD,P,7,act,active,P,59,3,1,22,59.7,21,5,65,1.961,1.0223
2013,mixed,Patrick Davitt,Kelvin Herrera,3790,KC,P,1,act,active,P,11,0,1,0,8.3,0,0,12,5.4,1.08
2013,mixed,Patrick Davitt,Sean Doolittle,2332,Oak,P,0,act,active,P,24,3,2,2,24.3,5,1,22,2.959,0.9863
2013,mixed,Patrick Davitt,Luke Gregerson,2593,Hou,P,0,act,active,P,63,5,8,3,55.7,14,3,57,3.072,1.0599
2013,mixed,Patrick Davitt,Junichi Tazawa,2230,Bos,P,1,rel,previously_active,,34,2,3,0,33.3,7,6,42,3.24,1.23
2013,mixed,Patrick Davitt,Johnny Cueto,354,Cin,P,16,dis,previously_active,P,8,3,2,0,42.7,14,5,38,3.586,1.1016
2013,mixed,Patrick Davitt,Alfredo Figaro,2250,Tex,P,0,rel,previously_active,,1,1,0,0,7.0,0,0,4,0.0,0.4286
2013,mixed,Patrick Davitt,Jeff Francis,434,Tor,P,0,rel,previously_active,,1,0,1,0,6.0,0,3,2,12.0,1.6667
2013,mixed,Patrick Davitt,Wily Peralta,3181,Mil,P,0,rel,previously_active,,2,0,1,0,11.3,3,2,3,5.559,1.3235
2013,mixed,Patrick Davitt,David Price,1453,Det,P,28,trd,previously_active,,20,8,5,0,137.3,20,14,111,3.277,1.0922
2013,mixed,Patrick Davitt,Joe Blanton,1042,KC,P,0,rel,previously_active,,2,0,2,0,13.0,1,4,17,5.538,0.9231
2013,mixed,Patrick Davitt,Felix Doubront,2227,ChC,P,0,rel,previously_active,,2,0,1,0,12.0,4,3,11,3.0,1.1667
2013,mixed,Patrick Davitt,Ryan Cook,3781,Oak,P,0,rel,previously_active,,2,0,0,0,2.0,1,0,5,0.0,1.5
2013,mixed,Patrick Davitt,Brett Myers,1116,FA,P,1,rel,previously_active,,2,0,2,0,10.0,4,6,4,9.0,1.6
2013,mixed,Patrick Davitt,John Lannan,1618,Col,P,0,dis,previously_active,P,5,1,3,0,26.3,13,3,14,6.152,1.5949
2013,mixed,Patrick Davitt,Zach McAllister,2685,Cle,P,4,rel,previously_active,,12,5,3,0,73.7,23,7,51,3.176,1.2489
2013,mixed,Patrick Davitt,Cole Hamels,1108,Phi,P,26,trd,previously_active,,23,5,11,0,152.0,36,16,139,3.789,1.1776
2013,mixed,Patrick Davitt,Jake Odorizzi,2653,TB,P,1,rel,previously_active,,2,0,0,0,9.0,2,1,8,9.0,1.6667
2013,mixed,Patrick Davitt,Carlos Carrasco,1141,Cle,P,0,rel,previously_active,,1,0,0,0,5.7,2,0,3,9.529,2.1176
2013,mixed,Patrick Davitt,Trevor Cahill,2094,Ari,P,8,res,previously_active,P,18,4,9,0,100.7,41,9,75,4.291,1.3709
2013,mixed,Patrick Davitt,Erik Bedard,1333,LAD,P,0,rel,previously_active,,2,1,0,0,13.3,5,0,14,0.675,0.9
2013,mixed,Patrick Davitt,Stephen Pryor,3950,Min,P,0,rel,previously_active,,4,0,0,0,4.0,1,0,6,0.0,1.0
2013,mixed,Patrick Davitt,Alex Torres,2451,SD,P,0,rel,previously_active,,2,1,0,0,3.0,0,0,4,0.0,0.3333
2013,mixed,Patrick Davitt,Carter Capps,4150,Mia,P,1,rel,previously_active,,6,1,0,0,8.3,1,3,9,4.32,1.08
2013,mixed,Patrick Davitt,David Robertson,2132,CWS,P,3,rel,previously_active,,12,1,0,0,11.7,2,2,13,3.857,0.9429
2013,mixed,Patrick Davitt,Koji Uehara,2049,Bos,P,1,rel,previously_active,,3,0,0,1,3.0,2,0,6,0.0,1.6667
2013,mixed,Patrick Davitt,Aaron Harang,322,Phi,P,0,rel,previously_active,,2,1,0,0,15.0,4,0,12,0.6,0.8
2013,mixed,Patrick Davitt,Michael Fiers,3833,Mil,P,1,rel,previously_active,,1,0,1,0,5.0,1,2,1,10.8,2.0
2013,mixed,Patrick Davitt,Jared Burton,316,NYY,P,0,res,previously_active,P,26,2,2,0,24.0,5,1,26,3.0,0.9583
2013,mixed,Patrick Davitt,Johnny Cueto,354,Cin,P,16,dis,reserved,P,3,2,0,0,18.0,4,2,13,1.0,0.9444
2013,mixed,Patrick Davitt,John Lannan,1618,Col,P,0,dis,reserved,P,2,1,0,0,11.3,4,1,3,3.971,1.3235
2013,mixed,Patrick Davitt,Trevor Cahill,2094,Ari,P,8,res,reserved,P,8,4,1,0,46.0,24,4,27,3.326,1.5217
2013,mixed,Patrick Davitt,Jared Burton,316,NYY,P,0,res,reserved,P,40,0,7,2,37.7,15,5,30,4.779,1.4867
2013,mixed,Patrick Davitt,David Robertson,2132,CWS,P,3,rel,previously_reserved,,4,1,0,0,3.7,1,0,6,0.0,0.2727
2013,mixed,Patrick Davitt,Michael Fiers,3833,Mil,P,1,rel,previously_reserved,,1,0,0,0,1.0,0,0,0,0.0,0.0
2013,mixed,Patrick Davitt,Luke Gregerson,2593,Hou,P,0,act,previously_reserved,P,10,1,0,1,10.7,4,0,7,0.844,0.75
2013,mixed,Patrick Davitt,Ryan Cook,3781,Oak,P,0,rel,previously_reserved,,13,0,0,1,13.0,2,0,11,3.462,1.0769
2013,mixed,Patrick Davitt,Brett Myers,1116,FA,P,1,rel,previously_reserved,,2,0,1,0,11.3,1,4,8,7.147,1.5882
2013,mixed,Patrick Davitt,Joaquin Benoit,1493,SD,P,7,act,previously_reserved,P,7,1,0,2,7.3,1,0,8,2.455,1.0909
2013,mixed,Patrick Davitt,Zach McAllister,2685,Cle,P,4,rel,previously_reserved,,4,1,3,0,19.0,13,2,19,5.684,1.7895
2013,mixed,Patrick Davitt,Junichi Tazawa,2230,Bos,P,1,rel,previously_reserved,,16,2,0,0,15.7,1,1,11,1.723,1.0851
2013,mixed,Patrick Davitt,Mark Melancon,1022,Pit,P,1,act,previously_reserved,P,22,1,0,1,22.0,3,0,23,0.818,1.0455
2013,mixed,Patrick Davitt,Tony Watson,3418,Pit,P,0,act,previously_reserved,P,2,0,0,0,5.0,0,0,5,0.0,0.6
2013,mixed,Nando DiFino,LaTroy Hawkins,985,Col,P,24,act,active,P,19,0,0,10,18.3,1,1,16,3.436,0.8727
2013,mixed,Nando DiFino,Jon Lester,160,ChC,P,12,act,active,P,33,15,8,0,213.3,67,19,177,3.755,1.2937
2013,mixed,Nando DiFino,Chris Perez,1425,Mil,P,11,act,active,P,52,5,3,24,52.0,21,11,53,4.5,1.4808
2013,mixed,Nando DiFino,Roy Halladay,1558,Tor,P,7,act,active,P,11,2,5,0,49.0,32,10,43,7.898,1.6531
2013,mixed,Nando DiFino,Jose Quintana,3839,CWS,P,1,act,active,P,29,8,7,0,175.7,51,19,148,3.484,1.2182
2013,mixed,Nando DiFino,Jeff Samardzija,275,CWS,P,13,act,active,P,33,8,13,0,213.7,78,25,214,4.339,1.3479
2013,mixed,Nando DiFino,Max Scherzer,19,Was,P,18,act,active,P,32,21,3,0,214.3,56,18,240,2.897,0.9705
2013,mixed,Nando DiFino,A.J. Griffin,3734,Oak,P,0,act,active,P,28,10,10,0,174.0,49,32,155,3.983,1.1264
2013,mixed,Nando DiFino,Lance Lynn,2919,StL,P,8,act,active,P,31,15,8,0,191.7,69,11,191,3.803,1.2783
2013,mixed,Nando DiFino,John Axford,2909,Col,P,1,rel,previously_active,,16,1,3,0,13.7,5,5,14,7.902,1.6098
2013,mixed,Nando DiFino,Tommy Hunter,2152,Bal,P,1,rel,previously_active,,4,0,0,0,5.0,1,0,1,5.4,1.6
2013,mixed,Nando DiFino,Vinnie Pestano,3370,LAA,P,3,rel,previously_active,,12,0,1,6,12.0,5,2,14,2.25,1.4167
2013,mixed,Nando DiFino,J.J. Putz,1344,FA,P,14,rel,previously_active,,3,0,0,0,2.3,1,0,1,3.857,1.2857
2013,mixed,Nando DiFino,Huston Street,1060,LAA,P,10,trd,previously_active,,39,1,4,21,38.7,11,10,30,3.026,1.0345
2013,mixed,Nando DiFino,Josh Beckett,152,FA,P,6,rel,previously_active,,6,0,4,0,34.0,10,6,30,4.765,1.4118
2013,mixed,Nando DiFino,Pedro Strop,446,ChC,P,1,res,previously_active,P,4,0,1,0,4.0,2,0,4,11.25,1.25
2013,mixed,Nando DiFino,Trevor Rosenthal,3933,StL,P,1,rel,previously_active,,11,1,1,0,13.3,2,0,16,2.025,0.975
2013,mixed,Nando DiFino,Mark Buehrle,206,Tor,P,1,rel,previously_active,,7,2,2,0,44.0,13,1,30,3.068,1.25
2013,mixed,Nando DiFino,Chia-Jen Lo,3031,FA,P,1,rel,previously_active,,9,0,3,1,9.0,8,1,8,7.0,1.5556
2013,mixed,Nando DiFino,Pedro Strop,446,ChC,P,1,res,reserved,P,26,2,1,1,25.0,7,1,31,2.16,0.96
2013,mixed,Nando DiFino,J.J. Putz,1344,FA,P,14,rel,previously_reserved,,21,1,0,1,17.7,7,1,16,1.019,1.0755
2013,mixed,Nando DiFino,A.J. Griffin,3734,Oak,P,0,act,previously_reserved,P,4,4,0,0,26.0,5,4,16,2.769,1.1154
2013,mixed,Nando DiFino,Huston Street,1060,LAA,P,10,trd,previously_reserved,,2,0,0,2,2.0,0,0,0,4.5,1.5
2013,mixed,Nando DiFino,Lance Lynn,2919,StL,P,8,act,previously_reserved,P,2,0,2,0,10.0,7,3,7,7.2,2.0
2013,mixed,Nando DiFino,Josh Beckett,152,FA,P,6,rel,previously_reserved,,2,0,1,0,9.3,5,2,11,6.75,1.8214
2013,mixed,Nando DiFino,Chia-Jen Lo,3031,FA,P,1,rel,previously_reserved,,6,0,0,1,7.0,3,1,7,2.571,1.1429
2013,mixed,Nando DiFino,Mark Buehrle,206,Tor,P,1,rel,previously_reserved,,3,2,1,0,18.0,1,4,13,5.0,1.3333
2013,mixed,Nando DiFino,Trevor Rosenthal,3933,StL,P,1,rel,previously_reserved,,1,0,0,0,1.0,0,1,2,9.0,1.0
2013,mixed,Nando DiFino,Roy Halladay,1558,Tor,P,7,act,previously_reserved,P,2,2,0,0,13.0,4,2,8,2.769,0.7692
2013,mixed,Nando DiFino,John Axford,2909,Col,P,1,rel,previously_reserved,,23,2,1,0,19.7,8,3,23,4.119,1.7797
2013,mixed,Nando DiFino,Jose Quintana,3839,CWS,P,1,act,previously_reserved,P,2,1,0,0,13.3,3,3,6,3.375,1.425
2013,mixed,Nando DiFino,Vinnie Pestano,3370,LAA,P,3,rel,previously_reserved,,5,0,0,0,4.3,3,1,3,8.308,2.5385
2013,mixed,Nando DiFino,Trevor Bauer,3676,Cle,P,1,rel,previously_reserved,,1,0,0,0,0.7,1,2,0,67.5,10.5
2013,mixed,Nando DiFino,Chris Perez,1425,Mil,P,11,act,previously_reserved,P,2,0,0,1,2.0,0,0,1,0.0,0.0
2013,mixed,Al Melchior,Glen Perkins,884,Min,P,14,act,active,P,61,2,0,36,62.7,15,5,77,2.298,0.9255
2013,mixed,Al Melchior,Mat Latos,2007,Mia,P,19,act,active,P,32,14,7,0,210.7,58,14,187,3.161,1.2104
2013,mixed,Al Melchior,Bronson Arroyo,312,Ari,P,0,act,active,P,27,11,10,0,170.0,31,30,98,3.918,1.1824
2013,mixed,Al Melchior,Dan Straily,4151,Hou,P,0,act,active,P,25,8,8,0,139.7,50,16,114,4.189,1.2816
2013,mixed,Al Melchior,Addison Reed,3793,Ari,P,13,act,active,P,68,5,4,40,71.3,23,6,72,3.785,1.1075
2013,mixed,Al Melchior,Justin Verlander,504,Det,P,29,act,active,P,34,13,12,0,218.3,75,19,217,3.463,1.3145
2013,mixed,Al Melchior,Scott Kazmir,1447,Oak,P,16,act,active,P,24,7,8,0,131.7,41,14,125,4.101,1.3367
2013,mixed,Al Melchior,Wily Peralta,3181,Mil,P,7,act,active,P,4,3,1,0,23.7,12,3,23,3.423,1.3944
2013,mixed,Al Melchior,C.J. Wilson,1513,LAA,P,6,act,active,P,33,17,7,0,212.3,85,15,188,3.391,1.3422
2013,mixed,Al Melchior,Brad Peacock,3746,Hou,P,1,rel,previously_active,,4,1,2,0,17.0,10,5,14,9.529,1.9412
2013,mixed,Al Melchior,Alexi Ogando,3122,Bos,P,6,res,previously_active,P,14,5,4,0,74.7,30,9,48,3.616,1.3259
2013,mixed,Al Melchior,Mike Leake,2714,Cin,P,2,res,previously_active,P,11,5,2,0,68.3,20,10,39,4.61,1.3902
2013,mixed,Al Melchior,James McDonald,774,FA,P,3,rel,previously_active,,5,2,2,0,24.7,15,1,22,4.378,1.4595
2013,mixed,Al Melchior,Kevin Gausman,4053,Bal,P,1,rel,previously_active,,2,0,0,0,2.7,1,0,2,0.0,0.75
2013,mixed,Al Melchior,Carlos Martinez,3606,StL,P,1,rel,previously_active,,1,0,0,0,0.3,1,0,0,81.0,12.0
2013,mixed,Al Melchior,Erik Johnson,4295,CWS,P,1,res,previously_active,P,1,0,1,0,3.7,3,1,4,4.909,2.7273
2013,mixed,Al Melchior,Shaun Marcum,1563,Cle,P,4,rel,previously_active,,12,1,8,0,67.7,18,7,54,5.453,1.3744
2013,mixed,Al Melchior,Alexi Ogando,3122,Bos,P,6,res,reserved,P,9,2,0,0,29.7,11,2,24,1.82,0.9775
2013,mixed,Al Melchior,Mike Leake,2714,Cin,P,2,res,reserved,P,3,2,1,0,15.3,6,1,14,2.348,1.5
2013,mixed,Al Melchior,Erik Johnson,4295,CWS,P,1,res,reserved,P,3,3,0,0,18.0,5,3,13,2.5,1.2778
2013,mixed,Al Melchior,Kevin Gausman,4053,Bal,P,1,rel,previously_reserved,,1,0,0,0,1.7,2,0,0,10.8,2.4
2013,mixed,Al Melchior,Shaun Marcum,1563,Cle,P,4,rel,previously_reserved,,2,0,2,0,10.7,3,0,6,4.219,1.2187
2013,mixed,Al Melchior,Bronson Arroyo,312,Ari,P,0,act,previously_reserved,P,5,3,2,0,32.0,3,2,26,3.094,1.0
2013,mixed,Al Melchior,Carlos Martinez,3606,StL,P,1,rel,previously_reserved,,5,2,1,0,10.0,4,1,5,4.5,1.5
2013,mixed,Al Melchior,Dan Straily,4151,Hou,P,0,act,previously_reserved,P,2,2,0,0,12.7,7,0,10,1.421,0.7895
2013,mixed,Al Melchior,Vinnie Pestano,3370,LAA,P,3,trd,previously_reserved,,14,1,1,0,14.0,8,3,14,5.143,1.3571
2013,mixed,Al Melchior,Scott Kazmir,1447,Oak,P,16,act,previously_reserved,P,1,1,0,0,6.0,0,0,12,0.0,0.6667
2013,mixed,Al Melchior,James McDonald,774,FA,P,3,rel,previously_reserved,,1,0,0,0,5.0,5,0,3,12.6,2.6
2013,mixed,Nicholas Minnix,Francisco Liriano,880,Pit,P,1,act,active,P,25,15,8,0,152.0,62,9,157,3.138,1.2632
2013,mixed,Nicholas Minnix,Robbie Erlin,3681,SD,P,1,act,active,P,1,0,0,0,7.0,1,1,7,2.571,0.5714
2013,mixed,Nicholas Minnix,Matt Garza,1441,Mil,P,4,act,active,P,21,9,6,0,139.3,35,19,120,3.876,1.2488
2013,mixed,Nicholas Minnix,Danny Farquhar,3065,Sea,P,31,act,active,P,22,0,3,14,20.3,8,0,26,2.656,1.082
2013,mixed,Nicholas Minnix,James Shields,1457,SD,P,15,act,active,P,34,13,9,0,228.7,68,20,196,3.149,1.2376
2013,mixed,Nicholas Minnix,Martin Perez,2676,Tex,P,0,act,active,P,12,6,4,0,74.7,20,7,49,3.375,1.4063
2013,mixed,Nicholas Minnix,Josh Fields,2526,Hou,P,18,act,active,P,5,0,0,0,5.0,4,0,6,0.0,1.4
2013,mixed,Nicholas Minnix,Fernando Rodney,499,Sea,P,16,act,active,P,68,5,4,37,66.7,36,3,82,3.375,1.335
2013,mixed,Nicholas Minnix,Garrett Richards,3535,LAA,P,1,act,active,P,6,3,3,0,31.7,16,3,20,4.547,1.5474
2013,mixed,Nicholas Minnix,Alex Cobb,3431,TB,P,7,trd,previously_active,,7,4,2,0,46.7,10,7,46,3.086,1.2214
2013,mixed,Nicholas Minnix,Joel Peralta,668,LAD,P,5,rel,previously_active,,8,0,0,0,6.3,4,0,7,2.842,1.4211
2013,mixed,Nicholas Minnix,Joakim Soria,671,Det,P,1,rel,previously_active,,3,0,0,0,2.7,2,0,1,13.5,2.25
2013,mixed,Nicholas Minnix,Chris Archer,2797,TB,P,9,trd,previously_active,,9,4,2,0,57.7,12,6,37,2.185,0.8844
2013,mixed,Nicholas Minnix,Brandon Maurer,4241,SD,P,1,rel,previously_active,,3,1,2,0,12.7,2,2,8,9.947,1.7368
2013,mixed,Nicholas Minnix,C.C. Sabathia,388,NYY,P,17,rel,previously_active,,23,9,11,0,157.0,40,24,135,4.643,1.3631
2013,mixed,Nicholas Minnix,Jason Hammel,1443,ChC,P,5,rel,previously_active,,11,6,3,0,61.3,23,10,44,5.723,1.5489
2013,mixed,Nicholas Minnix,Scott Kazmir,1447,Oak,P,0,rel,previously_active,,1,0,0,0,3.3,3,2,4,16.2,3.0
2013,mixed,Nicholas Minnix,Tim Stauffer,1239,Min,P,0,res,previously_active,P,2,0,0,0,3.0,0,1,3,6.0,1.0
2013,mixed,Nicholas Minnix,Kyle Kendrick,1111,Col,P,1,trd,previously_active,,13,5,5,0,87.0,19,8,50,4.034,1.2759
2013,mixed,Nicholas Minnix,Sonny Gray,3633,Oak,P,8,trd,previously_active,,1,1,0,0,8.0,1,0,9,0.0,0.625
2013,mixed,Nicholas Minnix,David Hernandez,2224,Ari,P,1,rel,previously_active,,2,0,0,0,2.0,1,0,2,0.0,1.0
2013,mixed,Nicholas Minnix,Chris Tillman,142,Bal,P,0,trd,previously_active,,8,2,2,0,42.7,15,14,39,5.695,1.5469
2013,mixed,Nicholas Minnix,Jose Valverde,622,SD,P,7,rel,previously_active,,19,0,1,9,18.3,6,5,18,3.927,1.0364
2013,mixed,Nicholas Minnix,Tyler Skaggs,3352,LAA,P,1,rel,previously_active,,2,0,1,0,10.7,3,4,8,8.437,1.5937
2013,mixed,Nicholas Minnix,Bruce Rondon,4157,Det,P,2,rel,previously_active,,1,0,0,0,0.7,0,0,2,0.0,1.5
2013,mixed,Nicholas Minnix,Chad Gaudin,1054,FA,P,3,dis,previously_active,P,4,0,1,0,19.0,16,1,20,7.105,2.1053
2013,mixed,Nicholas Minnix,Tyler Clippard,1612,Oak,P,0,rel,previously_active,,3,0,0,0,3.0,1,0,4,0.0,0.3333
2013,mixed,Nicholas Minnix,Tyler Chatwood,3080,Col,P,1,res,previously_active,P,8,3,2,0,45.7,20,1,28,3.547,1.4672
2013,mixed,Nicholas Minnix,Ryan Cook,3781,Oak,P,4,rel,previously_active,,5,0,0,0,5.7,2,0,6,3.176,1.2353
2013,mixed,Nicholas Minnix,Alex Wood,4113,Atl,P,1,res,previously_active,P,9,1,1,0,40.7,16,2,39,3.762,1.5984
2013,mixed,Nicholas Minnix,Francisco Rodriguez,724,FA,P,1,rel,previously_active,,6,1,0,0,6.3,1,0,7,2.842,1.2632
2013,mixed,Nicholas Minnix,Felix Hernandez,1338,Sea,P,24,trd,previously_active,,25,12,5,0,173.7,33,12,178,2.436,1.0768
2013,mixed,Nicholas Minnix,Oliver Perez,934,Ari,P,0,rel,previously_active,,7,1,0,0,7.3,4,1,9,3.682,1.3636
2013,mixed,Nicholas Minnix,Tim Stauffer,1239,Min,P,0,res,reserved,P,2,0,0,0,2.7,3,0,0,6.75,1.5
2013,mixed,Nicholas Minnix,Tyler Chatwood,3080,Col,P,1,res,reserved,P,6,2,2,0,32.0,11,4,8,3.656,1.5312
2013,mixed,Nicholas Minnix,Chad Gaudin,1054,FA,P,3,dis,reserved,P,1,1,0,0,7.0,1,1,5,1.286,0.7143
2013,mixed,Nicholas Minnix,Alex Wood,4113,Atl,P,1,res,reserved,P,6,2,0,0,15.0,3,1,12,2.4,0.9333
2013,mixed,Nicholas Minnix,Oliver Perez,934,Ari,P,0,rel,previously_reserved,,9,0,2,1,7.3,1,2,12,9.818,1.6364
2013,mixed,Nicholas Minnix,Matt Garza,1441,Mil,P,4,act,previously_reserved,P,3,1,0,0,16.0,7,1,16,3.375,1.125
2013,mixed,Nicholas Minnix,Ryan Cook,3781,Oak,P,4,rel,previously_reserved,,6,1,0,0,6.3,4,0,7,1.421,0.9474
2013,mixed,Nicholas Minnix,Francisco Liriano,880,Pit,P,1,act,previously_reserved,P,1,1,0,0,9.0,1,0,6,1.0,0.5556
2013,mixed,Nicholas Minnix,Garrett Richards,3535,LAA,P,1,act,previously_reserved,P,2,1,0,0,13.7,3,1,10,2.634,1.3902
2013,mixed,Nicholas Minnix,Kyle Kendrick,1111,Col,P,1,trd,previously_reserved,,5,2,1,0,30.7,10,4,22,3.228,1.3043
2013,mixed,Nicholas Minnix,Jose Valverde,622,SD,P,7,rel,previously_reserved,,1,0,0,0,1.0,0,1,1,36.0,5.0
2013,mixed,Nicholas Minnix,Chris Tillman,142,Bal,P,0,trd,previously_reserved,,3,2,0,0,20.7,7,0,13,1.306,1.0161
2013,mixed,Nicholas Minnix,C.C. Sabathia,388,NYY,P,17,rel,previously_reserved,,8,4,2,0,47.0,22,4,36,5.745,1.383
2013,mixed,Nicholas Minnix,Jason Hammel,1443,ChC,P,5,rel,previously_reserved,,8,1,3,0,50.3,14,9,34,4.649,1.3113
2013,mixed,Nicholas Minnix,Brandon Maurer,4241,SD,P,1,rel,previously_reserved,,1,0,1,0,6.7,3,2,2,2.7,0.75
2013,mixed,Nicholas Minnix,Martin Perez,2676,Tex,P,0,act,previously_reserved,P,3,1,1,0,14.7,6,5,11,7.977,1.6364
2013,mixed,Nicholas Minnix,Joel Peralta,668,LAD,P,5,rel,previously_reserved,,12,1,2,0,9.3,5,2,7,5.786,1.1786
2013,mixed,Zach Steinhorn,Ian Kennedy,990,SD,P,13,act,active,P,26,5,9,0,149.7,61,23,135,5.171,1.4432
2013,mixed,Zach Steinhorn,Danny Salazar,3850,Cle,P,34,act,active,P,5,1,2,0,24.3,9,4,32,3.699,1.274
2013,mixed,Zach Steinhorn,Bartolo Colon,192,NYM,P,1,act,active,P,27,17,6,0,172.3,29,12,109,2.559,1.1547
2013,mixed,Zach Steinhorn,Doug Fister,2890,Was,P,9,act,active,P,33,14,9,0,208.7,44,14,159,3.666,1.3083
2013,mixed,Zach Steinhorn,Joe Nathan,882,Det,P,15,act,active,P,67,6,2,43,64.7,22,2,73,1.392,0.8969
2013,mixed,Zach Steinhorn,Gerrit Cole,2660,Pit,P,9,act,active,P,18,9,7,0,111.3,26,7,95,3.234,1.1677
2013,mixed,Zach Steinhorn,Derek Holland,2390,Tex,P,3,act,active,P,23,6,7,0,146.3,47,16,125,3.629,1.3462
2013,mixed,Zach Steinhorn,Steve Cishek,3368,Mia,P,10,act,active,P,68,4,6,33,68.7,22,3,74,2.359,1.0922
2013,mixed,Zach Steinhorn,Wade Miley,2622,Bos,P,3,act,active,P,16,4,4,0,100.7,27,9,70,2.95,1.2318
2013,mixed,Zach Steinhorn,Clayton Richard,2141,Pit,P,1,rel,previously_active,,6,0,4,0,26.3,17,7,13,8.544,2.0506
2013,mixed,Zach Steinhorn,Felix Doubront,2227,ChC,P,1,rel,previously_active,,2,1,0,0,10.3,6,0,11,6.968,2.0323
2013,mixed,Zach Steinhorn,Adam Wainwright,1400,StL,P,21,trd,previously_active,,10,6,3,0,72.0,6,2,69,2.375,0.9722
2013,mixed,Zach Steinhorn,Wei-Yin Chen,3151,Bal,P,1,res,previously_active,P,8,2,4,0,48.7,17,9,39,5.363,1.3151
2013,mixed,Zach Steinhorn,Mike Leake,2714,Cin,P,2,trd,previously_active,,8,5,1,0,55.0,8,5,34,1.473,0.9091
2013,mixed,Zach Steinhorn,Jeremy Hefner,2651,NYM,P,8,rel,previously_active,,3,0,1,0,13.3,5,2,13,9.45,2.025
2013,mixed,Zach Steinhorn,Ryan Vogelsong,1934,SF,P,6,rel,previously_active,,9,1,4,0,50.0,20,9,41,7.38,1.8
2013,mixed,Zach Steinhorn,Zack Wheeler,2831,NYM,P,0,trd,previously_active,,6,2,2,0,34.3,18,5,27,4.194,1.3981
2013,mixed,Zach Steinhorn,Carter Capps,4150,Mia,P,1,rel,previously_active,,2,0,1,0,0.7,2,0,1,81.0,10.5
2013,mixed,Zach Steinhorn,Wandy Rodriguez,620,Atl,P,4,dis,previously_active,P,12,6,4,0,62.7,12,10,46,3.59,1.117
2013,mixed,Zach Steinhorn,David Hernandez,2224,Ari,P,2,rel,previously_active,,8,0,0,0,8.0,0,1,11,1.125,1.0
2013,mixed,Zach Steinhorn,Jon Rauch,1621,KC,P,0,rel,previously_active,,3,0,2,0,3.3,1,1,2,8.1,1.5
2013,mixed,Zach Steinhorn,Michael Wacha,4080,StL,P,12,rel,previously_active,,1,0,1,0,5.0,4,0,7,3.6,1.6
2013,mixed,Zach Steinhorn,Miguel Gonzalez,2228,Bal,P,1,rel,previously_active,,1,1,0,0,6.0,1,0,7,1.5,1.0
2013,mixed,Zach Steinhorn,Tom Wilhelmsen,3426,Sea,P,10,rel,previously_active,,18,0,3,11,17.0,17,0,12,7.941,2.1176
2013,mixed,Zach Steinhorn,Wandy Rodriguez,620,Atl,P,4,dis,reserved,P,0,0,0,0,0.0,0,0,0,0.0,0.0
2013,mixed,Zach Steinhorn,C.C. Sabathia,388,NYY,P,1,dis,reserved,P,0,0,0,0,0.0,0,0,0,0.0,0.0
2013,mixed,Zach Steinhorn,Wei-Yin Chen,3151,Bal,P,1,res,reserved,P,7,2,0,0,41.0,10,5,38,3.732,1.4634
2013,mixed,Zach Steinhorn,Gerrit Cole,2660,Pit,P,9,act,previously_reserved,P,1,1,0,0,6.0,2,0,5,3.0,1.1667
2013,mixed,Zach Steinhorn,Jeremy Hefner,2651,NYM,P,8,rel,previously_reserved,,1,0,1,0,4.3,1,3,3,10.385,1.6154
2013,mixed,Zach Steinhorn,Mike Leake,2714,Cin,P,2,trd,previously_reserved,,2,0,1,0,12.0,2,0,7,3.0,0.9167
2013,mixed,Zach Steinhorn,Clayton Richard,2141,Pit,P,1,rel,previously_reserved,,2,1,1,0,8.0,1,3,5,5.625,1.125
2013,mixed,Zach Steinhorn,Steve Cishek,3368,Mia,P,10,act,previously_reserved,P,1,0,0,1,1.0,0,0,0,0.0,0.0
2013,mixed,Zach Steinhorn,Wade Miley,2622,Bos,P,3,act,previously_reserved,P,2,2,0,0,14.0,8,0,12,0.643,1.0714
2013,mixed,Zach Steinhorn,Felix Doubront,2227,ChC,P,1,rel,previously_reserved,,4,2,1,0,22.0,10,1,24,6.136,1.7273
2013,mixed,Zach Steinhorn,Jon Rauch,1621,KC,P,0,rel,previously_reserved,,3,0,0,0,2.7,1,0,4,16.875,2.25
2013,mixed,Zach Steinhorn,David Hernandez,2224,Ari,P,2,rel,previously_reserved,,18,2,2,1,19.3,8,4,19,3.259,1.1897
2013,mixed,Zach Steinhorn,Ian Kennedy,990,SD,P,13,act,previously_reserved,P,5,2,1,0,31.7,12,4,28,3.695,1.1684
2013,mixed,Zach Steinhorn,Michael Wacha,4080,StL,P,12,rel,previously_reserved,,1,0,0,0,4.7,0,1,7,7.714,2.5714
2013,mixed,Zach Steinhorn,Miguel Gonzalez,2228,Bal,P,1,rel,previously_reserved,,2,2,0,0,14.3,3,2,7,2.512,0.8372
2013,mixed,Zach Steinhorn,Tom Wilhelmsen,3426,Sea,P,10,rel,previously_reserved,,9,0,0,2,8.3,3,2,6,7.56,1.2
2013,mixed,Zach Steinhorn,Bartolo Colon,192,NYM,P,1,act,previously_reserved,P,1,0,0,0,5.0,0,0,1,1.8,1.4
2013,mixed,Zach Steinhorn,Danny Salazar,3850,Cle,P,34,act,previously_reserved,P,3,0,1,0,14.0,4,1,16,1.929,1.2143
2013,mixed,Zach Steinhorn,Ryan Vogelsong,1934,SF,P,6,rel,previously_reserved,,6,2,1,0,31.7,11,4,20,2.842,1.2632
2013,mixed,Zach Steinhorn,Zack Wheeler,2831,NYM,P,0,trd,previously_reserved,,4,3,0,0,22.7,10,4,18,2.779,1.3676
2013,mixed,Paul Singman,Jordan Zimmermann,2067,Was,P,13,act,active,P,32,19,9,0,213.3,40,19,161,3.248,1.0875
2013,mixed,Paul Singman,Paul Maholm,1171,Cin,P,0,act,active,P,24,10,10,0,141.7,42,16,100,4.447,1.4118
2013,mixed,Paul Singman,Gio Gonzalez,1084,Was,P,18,act,active,P,17,8,5,0,104.0,35,8,99,3.375,1.3462
2013,mixed,Paul Singman,Shelby Miller,2839,Atl,P,3,act,active,P,16,7,4,0,81.3,37,12,68,3.873,1.4385
2013,mixed,Paul Singman,Nathan Eovaldi,3809,NYY,P,0,act,active,P,12,2,4,0,67.3,30,5,47,4.277,1.4703
2013,mixed,Paul Singman,Grant Balfour,1438,TB,P,11,act,active,P,58,1,3,34,56.0,23,7,65,2.893,1.1786
2013,mixed,Paul Singman,Taijuan Walker,3796,Sea,P,1,act,active,P,3,1,0,0,15.0,4,0,12,3.6,1.0
2013,mixed,Paul Singman,Erasmo Ramirez,1878,Sea,P,1,act,active,P,13,5,3,0,67.7,22,11,53,4.389,1.4039
2013,mixed,Paul Singman,Hector Santiago,3770,LAA,P,5,act,active,P,20,2,7,0,112.0,55,13,101,3.777,1.4643
2013,mixed,Paul Singman,Matt Harvey,2672,NYM,P,7,dis,previously_active,P,26,9,5,0,178.3,31,7,191,2.271,0.9308
2013,mixed,Paul Singman,Jordan Lyles,2695,Col,P,8,rel,previously_active,,4,1,2,0,22.7,6,0,12,4.765,1.5
2013,mixed,Paul Singman,Jonathon Niese,2149,NYM,P,11,res,previously_active,P,13,4,2,0,75.3,27,3,57,3.106,1.4336
2013,mixed,Paul Singman,Julio Teheran,2098,Atl,P,5,rel,previously_active,,2,0,0,0,10.0,4,4,6,8.1,1.9
2013,mixed,Paul Singman,Ryan Cook,3781,Oak,P,0,res,previously_active,P,20,4,2,1,20.7,8,1,19,1.306,1.2581
2013,mixed,Paul Singman,Tyler Lyons,4356,StL,P,2,rel,previously_active,,3,1,2,0,18.7,6,0,14,5.304,1.2857
2013,mixed,Paul Singman,Cody Allen,4164,Cle,P,1,rel,previously_active,,5,0,0,0,4.3,2,0,6,0.0,0.9231
2013,mixed,Paul Singman,A.J. Burnett,1554,Pit,P,4,trd,previously_active,,13,4,6,0,83.3,31,7,95,3.024,1.104
2013,mixed,Paul Singman,Erik Bedard,1333,LAD,P,1,rel,previously_active,,2,0,1,0,4.3,6,2,9,16.615,3.2308
2013,mixed,Paul Singman,Edward Mujica,386,Bos,P,19,trd,previously_active,,24,0,0,19,24.7,0,3,19,2.189,0.6081
2013,mixed,Paul Singman,Wade Miley,2622,Bos,P,3,trd,previously_active,,9,2,4,0,51.7,20,4,34,4.877,1.4323
2013,mixed,Paul Singman,Jim Johnson,110,Atl,P,12,trd,previously_active,,37,2,5,26,35.3,8,3,26,3.821,1.1321
2013,mixed,Paul Singman,J.J. Putz,1344,FA,P,14,trd,previously_active,,8,1,1,2,6.7,5,1,13,4.05,1.65
2013,mixed,Paul Singman,Matt Harvey,2672,NYM,P,7,dis,reserved,P,0,0,0,0,0.0,0,0,0,0.0,0.0
2013,mixed,Paul Singman,Jonathon Niese,2149,NYM,P,11,res,reserved,P,11,4,6,0,67.7,21,7,48,4.389,1.4483
2013,mixed,Paul Singman,Ryan Cook,3781,Oak,P,0,res,reserved,P,16,1,1,0,11.3,8,1,13,3.971,2.0294
2013,mixed,Paul Singman,J.J. Putz,1344,FA,P,14,trd,previously_reserved,,6,1,0,3,6.0,3,2,4,4.5,1.5
2013,mixed,Paul Singman,Ivan Nova,2293,NYY,P,0,rel,previously_reserved,,1,0,1,0,4.7,2,0,5,7.714,1.5
2013,mixed,Paul Singman,Paul Maholm,1171,Cin,P,0,act,previously_reserved,P,2,0,1,0,11.3,5,1,5,3.971,1.4118
2013,mixed,Paul Singman,Julio Teheran,2098,Atl,P,5,rel,previously_reserved,,3,1,0,0,18.3,4,1,14,3.436,1.5273
2013,mixed,Paul Singman,Erasmo Ramirez,1878,Sea,P,1,act,previously_reserved,P,1,0,0,0,4.7,4,1,4,13.5,2.1429
2013,mixed,Paul Singman,Jordan Lyles,2695,Col,P,8,rel,previously_reserved,,2,0,1,0,10.3,4,1,5,11.323,1.7419
2013,mixed,Paul Singman,Hector Santiago,3770,LAA,P,5,act,previously_reserved,P,1,0,0,0,7.0,2,1,9,2.571,1.0
2013,mixed,Paul Singman,Edward Mujica,386,Bos,P,19,trd,previously_reserved,,1,0,0,1,1.0,0,0,1,0.0,0.0
2013,mixed,Paul Singman,Nathan Eovaldi,3809,NYY,P,0,act,previously_reserved,P,6,2,2,0,39.0,10,2,31,1.846,1.0513
2013,mixed,Paul Singman,Wade Miley,2622,Bos,P,3,trd,previously_reserved,,6,2,2,0,36.3,11,8,31,4.459,1.4862
2013,mixed,Paul Singman,Grant Balfour,1438,TB,P,11,act,previously_reserved,P,7,0,0,4,6.7,4,0,7,0.0,1.35
2013,mixed,Paul Singman,A.J. Burnett,1554,Pit,P,4,trd,previously_reserved,,1,0,0,0,6.0,4,1,4,4.5,1.5
2013,mixed,Paul Singman,Tyler Lyons,4356,StL,P,2,rel,previously_reserved,,1,0,1,0,5.3,1,2,2,6.75,1.3125
2013,mixed,Derek Van Riper,Mike Minor,2833,Atl,P,7,act,active,P,32,13,9,0,204.7,46,22,181,3.21,1.0896
2013,mixed,Derek Van Riper,Mariano Rivera,998,NYY,P,16,act,active,P,64,6,2,44,64.0,9,6,54,2.109,1.0469
2013,mixed,Derek Van Riper,Brandon McCarthy,1505,LAD,P,5,act,active,P,18,4,9,0,116.0,18,11,66,4.267,1.2414
2013,mixed,Derek Van Riper,Alex Cobb,3431,TB,P,7,act,active,P,12,4,1,0,77.0,31,3,72,2.805,1.2078
2013,mixed,Derek Van Riper,Adam Wainwright,1400,StL,P,21,act,active,P,8,5,2,0,52.0,10,5,46,3.981,1.1538
2013,mixed,Derek Van Riper,Homer Bailey,313,Cin,P,5,act,active,P,32,11,12,0,209.0,54,20,199,3.488,1.1244
2013,mixed,Derek Van Riper,Chris Sale,3309,CWS,P,15,act,active,P,30,11,14,0,214.3,46,23,226,3.065,1.0731
2013,mixed,Derek Van Riper,Rick Porcello,496,Bos,P,2,act,active,P,24,9,6,0,133.3,30,11,102,3.915,1.305
2013,mixed,Derek Van Riper,Patrick Corbin,3339,Ari,P,1,act,active,P,31,13,8,0,201.3,49,19,173,3.531,1.1672
2013,mixed,Derek Van Riper,Edwin Jackson,1446,ChC,P,4,res,previously_active,P,23,7,13,0,128.0,44,11,106,5.203,1.5078
2013,mixed,Derek Van Riper,Chris Archer,2797,TB,P,1,rel,previously_active,,4,2,2,0,21.7,12,1,18,2.908,1.3385
2013,mixed,Derek Van Riper,Garrett Richards,3535,LAA,P,1,rel,previously_active,,7,2,3,0,23.0,6,1,17,5.087,1.3043
2013,mixed,Derek Van Riper,Ross Detwiler,1615,Tex,P,0,dis,previously_active,P,8,1,7,0,41.3,9,4,22,5.444,1.7419
2013,mixed,Derek Van Riper,Kyle Gibson,2705,Min,P,1,rel,previously_active,,2,0,0,0,8.3,3,1,5,7.56,2.16
2013,mixed,Derek Van Riper,Tyler Skaggs,3352,LAA,P,3,rel,previously_active,,1,0,0,0,4.3,3,0,3,6.231,2.5385
2013,mixed,Derek Van Riper,Sergio Santos,1583,LAD,P,3,rel,previously_active,,5,0,1,0,4.3,1,1,6,2.077,0.9231
2013,mixed,Derek Van Riper,Esmil Rogers,444,NYY,P,1,rel,previously_active,,7,0,3,0,40.0,12,8,31,5.4,1.65
2013,mixed,Derek Van Riper,Stephen Fife,3862,LAD,P,1,rel,previously_active,,3,2,1,0,18.0,4,2,8,2.0,1.0556
2013,mixed,Derek Van Riper,Allen Webster,3279,Ari,P,1,rel,previously_active,,1,0,0,0,2.3,2,2,2,27.0,3.4286
2013,mixed,Derek Van Riper,Heath Bell,1223,Was,P,38,rel,previously_active,,14,0,1,9,12.7,7,5,12,4.974,1.7368
2013,mixed,Derek Van Riper,Chris Capuano,825,NYY,P,1,rel,previously_active,,4,0,0,0,20.3,4,3,12,6.197,1.6721
2013,mixed,Derek Van Riper,Cody Allen,4164,Cle,P,1,rel,previously_active,,4,0,0,0,3.3,1,0,3,5.4,1.8
2013,mixed,Derek Van Riper,Edwin Jackson,1446,ChC,P,4,res,reserved,P,8,1,5,0,47.3,15,5,29,4.373,1.331
2013,mixed,Derek Van Riper,Ross Detwiler,1615,Tex,P,0,dis,reserved,P,5,1,0,0,30.0,5,1,17,2.1,1.1333
2013,mixed,Derek Van Riper,Brandon McCarthy,1505,LAD,P,5,act,previously_reserved,P,4,1,2,0,19.0,3,2,10,6.158,2.0
2013,mixed,Derek Van Riper,Alex Cobb,3431,TB,P,7,act,previously_reserved,P,3,3,0,0,19.7,4,3,16,1.831,0.7627
2013,mixed,Derek Van Riper,Wade Davis,1479,KC,P,2,rel,previously_reserved,,1,0,0,0,4.0,0,2,2,9.0,2.25
2013,mixed,Derek Van Riper,Kyle Gibson,2705,Min,P,1,rel,previously_reserved,,1,0,0,0,5.7,4,2,4,4.765,1.4118
2013,mixed,Derek Van Riper,Tyler Skaggs,3352,LAA,P,3,rel,previously_reserved,,2,0,2,0,9.7,5,3,11,8.379,1.5517
2013,mixed,Derek Van Riper,Cody Allen,4164,Cle,P,1,rel,previously_reserved,,22,1,0,0,19.7,12,1,22,2.288,1.4746
2013,mixed,Derek Van Riper,Chris Capuano,825,NYY,P,1,rel,previously_reserved,,1,1,0,0,6.3,1,0,5,0.0,1.1053
2013,mixed,Derek Van Riper,Stephen Fife,3862,LAD,P,1,rel,previously_reserved,,1,1,0,0,5.3,2,0,5,0.0,1.6875
2013,mixed,Derek Van Riper,Esmil Rogers,444,NYY,P,1,rel,previously_reserved,,3,0,2,0,14.0,5,4,10,9.643,2.0
2013,mixed,Derek Van Riper,Sergio Santos,1583,LAD,P,3,rel,previously_reserved,,1,0,0,0,2.0,0,0,0,4.5,0.5
2013,mixed,Derek Van Riper,Patrick Corbin,3339,Ari,P,1,act,previously_reserved,P,1,1,0,0,7.0,5,0,5,0.0,1.1429
2013,mixed,Derek Van Riper,Rick Porcello,496,Bos,P,2,act,previously_reserved,P,3,2,1,0,18.0,6,3,16,4.5,1.0556
2013,mixed,Cory Schwartz,Brad Peacock,3746,Hou,P,1,act,active,P,3,1,1,0,17.7,5,2,16,3.566,1.1321
2013,mixed,Cory Schwartz,Marco Estrada,2185,Tor,P,7,act,active,P,20,7,4,0,123.0,29,19,112,4.024,1.1138
2013,mixed,Cory Schwartz,Ubaldo Jimenez,438,Bal,P,8,act,active,P,13,4,4,0,78.0,26,3,94,2.885,1.2949
2013,mixed,Cory Schwartz,Yovani Gallardo,829,Tex,P,15,act,active,P,28,10,10,0,162.7,59,15,132,4.205,1.3893
2013,mixed,Cory Schwartz,Jarrod Parker,1978,Oak,P,7,act,active,P,31,11,8,0,191.0,60,25,130,3.958,1.2147
2013,mixed,Cory Schwartz,Aroldis Chapman,2894,Cin,P,21,act,active,P,68,4,5,38,63.7,29,7,112,2.545,1.0366
2013,mixed,Cory Schwartz,Charlie Morton,61,Pit,P,1,act,active,P,11,6,1,0,66.0,20,3,49,3.0,1.2121
2013,mixed,Cory Schwartz,Yusmeiro Petit,16,SF,P,1,act,active,P,5,2,1,0,30.7,7,3,24,3.815,1.1087
2013,mixed,Cory Schwartz,Greg Holland,3343,KC,P,13,act,active,P,64,2,0,45,64.0,12,3,98,0.703,0.7344
2013,mixed,Cory Schwartz,Dane De La Rosa,3432,Bal,P,7,rel,previously_active,,9,0,0,0,9.0,5,0,10,1.0,1.1111
2013,mixed,Cory Schwartz,Kevin Correia,1282,FA,P,4,rel,previously_active,,2,0,1,0,11.0,5,0,5,5.727,1.5455
2013,mixed,Cory Schwartz,Mitchell Boggs,1972,Bos,P,4,rel,previously_active,,7,0,1,2,6.3,6,0,7,11.368,2.0526
2013,mixed,Cory Schwartz,Juan Nicasio,2947,LAD,P,1,rel,previously_active,,3,0,1,0,16.7,6,1,14,6.48,1.44
2013,mixed,Cory Schwartz,Jerome Williams,1944,Phi,P,3,rel,previously_active,,9,3,3,0,44.3,17,7,28,5.481,1.5113
2013,mixed,Cory Schwartz,Ricky Nolasco,552,Min,P,3,rel,previously_active,,2,2,0,0,12.0,3,0,6,3.75,1.0833
2013,mixed,Cory Schwartz,Josh Johnson,544,SD,P,8,dis,previously_active,P,1,0,1,0,2.3,2,1,1,23.143,5.1429
2013,mixed,Cory Schwartz,Drew Smyly,3904,TB,P,1,res,previously_active,P,10,0,0,0,6.0,1,3,3,7.5,2.0
2013,mixed,Cory Schwartz,Kyle Kendrick,1111,Col,P,1,rel,previously_active,,5,3,2,0,25.0,5,3,16,7.56,1.76
2013,mixed,Cory Schwartz,Wily Peralta,3181,Mil,P,1,rel,previously_active,,4,1,1,0,20.3,10,2,12,5.754,1.7705
2013,mixed,Cory Schwartz,Tom Koehler,3497,Mia,P,1,rel,previously_active,,2,0,1,0,12.0,3,3,6,6.0,1.3333
2013,mixed,Cory Schwartz,Samuel Deduno,2246,Hou,P,1,dis,previously_active,P,9,3,5,0,52.7,22,5,36,4.443,1.481
2013,mixed,Cory Schwartz,Jeff Locke,2594,Pit,P,4,rel,previously_active,,14,4,3,0,81.0,46,3,61,3.111,1.4321
2013,mixed,Cory Schwartz,Dillon Gee,2439,NYM,P,2,rel,previously_active,,4,1,2,0,22.3,8,1,12,4.03,1.4328
2013,mixed,Cory Schwartz,Jose Cisnero,4225,Cin,P,1,rel,previously_active,,2,0,0,0,1.3,0,0,1,6.75,3.75
2013,mixed,Cory Schwartz,Jeremy Guthrie,108,KC,P,0,rel,previously_active,,2,1,1,0,9.0,4,3,3,10.0,1.6667
2013,mixed,Cory Schwartz,Jose Quintana,3839,CWS,P,1,rel,previously_active,,1,0,0,0,4.0,2,1,3,11.25,2.5
2013,mixed,Cory Schwartz,Jaime Garcia,1423,StL,P,2,rel,previously_active,,7,3,2,0,44.0,10,5,36,4.091,1.3864
2013,mixed,Cory Schwartz,A.J. Ramos,3941,Mia,P,0,rel,previously_active,,5,0,0,0,5.7,4,0,5,7.941,1.4118
2013,mixed,Cory Schwartz,Hyun-Jin Ryu,2609,LAD,P,0,trd,previously_active,,20,9,3,0,129.0,42,11,105,3.14,1.2403
2013,mixed,Cory Schwartz,Ernesto Frieri,1225,TB,P,7,trd,previously_active,,36,0,1,21,36.7,20,5,52,3.191,1.2273
2013,mixed,Cory Schwartz,Randall Delgado,2725,Ari,P,2,trd,previously_active,,4,2,1,0,26.7,6,1,13,2.025,1.1625
2013,mixed,Cory Schwartz,Samuel Deduno,2246,Hou,P,1,dis,reserved,P,1,1,0,0,6.0,4,0,6,1.5,1.1667
2013,mixed,Cory Schwartz,Josh Johnson,544,SD,P,8,dis,reserved,P,1,1,0,0,5.0,2,0,5,0.0,1.4
2013,mixed,Cory Schwartz,Drew Smyly,3904,TB,P,1,res,reserved,P,13,2,0,0,9.0,2,0,13,3.0,1.1111
2013,mixed,Cory Schwartz,Wily Peralta,3181,Mil,P,1,rel,previously_reserved,,7,2,4,0,36.7,11,4,24,5.891,1.5545
2013,mixed,Cory Schwartz,Kyle Kendrick,1111,Col,P,1,rel,previously_reserved,,1,0,1,0,6.0,2,0,1,4.5,1.1667
2013,mixed,Cory Schwartz,Ricky Nolasco,552,Min,P,3,rel,previously_reserved,,1,0,1,0,6.0,1,3,4,6.0,1.5
2013,mixed,Cory Schwartz,Jerome Williams,1944,Phi,P,3,rel,previously_reserved,,4,0,2,0,14.3,5,4,10,6.907,1.814
2013,mixed,Cory Schwartz,Juan Nicasio,2947,LAD,P,1,rel,previously_reserved,,1,0,0,0,6.0,2,0,3,4.5,1.1667
2013,mixed,Cory Schwartz,Marco Estrada,2185,Tor,P,7,act,previously_reserved,P,1,0,0,0,5.0,0,0,6,0.0,0.2
2013,mixed,Cory Schwartz,Mitchell Boggs,1972,Bos,P,4,rel,previously_reserved,,7,0,1,0,4.3,6,1,3,14.538,3.6923
2013,mixed,Cory Schwartz,Kenley Jansen,2963,LAD,P,9,trd,previously_reserved,,6,0,0,1,5.7,2,1,8,3.176,1.2353
2013,mixed,Cory Schwartz,Dane De La Rosa,3432,Bal,P,7,rel,previously_reserved,,8,1,0,1,6.3,5,0,4,0.0,1.2632
2013,mixed,Cory Schwartz,Ubaldo Jimenez,438,Bal,P,8,act,previously_reserved,P,12,6,3,0,69.0,37,7,65,2.609,1.4348
2013,mixed,Cory Schwartz,Yovani Gallardo,829,Tex,P,15,act,previously_reserved,P,3,2,0,0,18.0,7,3,12,4.0,1.1111
2013,mixed,Cory Schwartz,Jarrod Parker,1978,Oak,P,7,act,previously_reserved,P,1,1,0,0,6.0,3,0,4,4.5,1.5
2013,mixed,Cory Schwartz,A.J. Ramos,3941,Mia,P,0,rel,previously_reserved,,10,0,0,0,8.0,11,0,12,3.375,2.125
2013,mixed,Cory Schwartz,Charlie Morton,61,Pit,P,1,act,previously_reserved,P,3,0,1,0,19.0,6,0,14,4.263,1.5789
2013,mixed,Cory Schwartz,Jaime Garcia,1423,StL,P,2,rel,previously_reserved,,2,2,0,0,11.3,5,1,7,1.588,0.9706
2013,mixed,Cory Schwartz,Jeremy Guthrie,108,KC,P,0,rel,previously_reserved,,2,0,1,0,12.7,5,1,7,4.974,1.2632
2013,mixed,Cory Schwartz,Jose Cisnero,4225,Cin,P,1,rel,previously_reserved,,1,0,0,0,1.0,3,2,0,27.0,5.0
2013,mixed,Cory Schwartz,Dillon Gee,2439,NYM,P,2,rel,previously_reserved,,6,1,4,0,27.3,9,7,25,8.232,1.9756
2013,mixed,Cory Schwartz,Jeff Locke,2594,Pit,P,4,rel,previously_reserved,,2,0,0,0,8.7,3,1,10,9.346,2.4231
2013,mixed,Cory Schwartz,Tom Koehler,3497,Mia,P,1,rel,previously_reserved,,1,0,1,0,4.7,2,2,3,17.357,2.1429
2013,mixed,Ray Flowers,Ernesto Frieri,1225,TB,P,7,act,active,P,27,1,3,15,27.0,9,6,37,5.333,1.3333
2013,mixed,Ray Flowers,Cliff Lee,381,Phi,P,23,act,active,P,31,14,8,0,222.7,32,22,222,2.87,1.0105
2013,mixed,Ray Flowers,Eric Stults,783,Atl,P,1,act,active,P,17,6,7,0,108.0,22,5,60,4.0,1.3426
2013,mixed,Ray Flowers,Todd Redmond,2220,Tor,P,1,act,active,P,2,0,1,0,6.3,3,2,3,9.947,2.3684
2013,mixed,Ray Flowers,Tyler Thornburg,3750,Mil,P,1,act,active,P,3,1,1,0,19.0,6,0,16,1.895,1.1053
2013,mixed,Ray Flowers,Travis Wood,2821,ChC,P,1,act,active,P,9,1,5,0,51.3,19,7,36,4.383,1.3636
2013,mixed,Ray Flowers,Zack Greinke,660,LAD,P,14,act,active,P,27,14,4,0,172.3,46,12,144,2.663,1.1199
2013,mixed,Ray Flowers,Kenley Jansen,2963,LAD,P,9,act,active,P,69,4,3,27,71.0,16,5,103,1.775,0.831
2013,mixed,Ray Flowers,Felix Hernandez,1338,Sea,P,24,act,active,P,5,0,5,0,26.7,9,3,28,7.087,1.4625
2013,mixed,Ray Flowers,David Phelps,3561,Mia,P,1,rel,previously_active,,6,2,1,0,31.0,12,1,25,3.774,1.3871
2013,mixed,Ray Flowers,Jeremy Guthrie,108,KC,P,2,rel,previously_active,,6,3,3,0,41.0,14,9,15,3.951,1.3659
2013,mixed,Ray Flowers,Jeff Locke,2594,Pit,P,4,res,previously_active,P,2,0,2,0,6.0,5,2,6,13.5,2.5
2013,mixed,Ray Flowers,Wily Peralta,3181,Mil,P,1,rel,previously_active,,6,1,4,0,35.3,13,3,28,4.585,1.2453
2013,mixed,Ray Flowers,Edinson Volquez,332,KC,P,0,rel,previously_active,,2,0,1,0,11.0,8,1,10,5.727,1.4545
2013,mixed,Ray Flowers,Mike Adams,1684,FA,P,3,rel,previously_active,,7,1,1,0,6.0,2,2,10,3.0,1.3333
2013,mixed,Ray Flowers,Zack Wheeler,2831,NYM,P,0,rel,previously_active,,6,2,2,0,38.0,13,1,36,3.079,1.2368
2013,mixed,Ray Flowers,Mark Buehrle,206,Tor,P,1,res,previously_active,P,3,0,2,0,15.3,6,3,10,7.043,1.8913
2013,mixed,Ray Flowers,Aaron Harang,322,Phi,P,1,rel,previously_active,,1,0,1,0,5.0,3,1,0,12.6,2.2
2013,mixed,Ray Flowers,David Hernandez,2224,Ari,P,2,rel,previously_active,,2,0,1,0,1.3,0,0,3,27.0,1.5
2013,mixed,Ray Flowers,Jarred Cosart,3605,Mia,P,1,rel,previously_active,,3,0,1,0,16.0,14,1,9,2.812,1.6875
2013,mixed,Ray Flowers,Ryan Dempster,258,FA,P,1,rel,previously_active,,14,4,6,0,81.7,35,15,90,4.629,1.3224
2013,mixed,Ray Flowers,Ricky Nolasco,552,Min,P,1,rel,previously_active,,19,11,4,0,114.0,24,7,99,3.395,1.1579
2013,mixed,Ray Flowers,Sergio Romo,2061,SF,P,16,trd,previously_active,,34,3,3,19,31.0,5,2,34,2.323,1.0
2013,mixed,Ray Flowers,Joe Smith,939,LAA,P,1,rel,previously_active,,1,0,0,0,1.0,0,0,1,0.0,1.0
2013,mixed,Ray Flowers,Tommy Hunter,2152,Bal,P,5,rel,previously_active,,3,0,1,0,2.3,1,0,3,3.857,2.5714
2013,mixed,Ray Flowers,Joel Hanrahan,1616,Det,P,11,rel,previously_active,,7,0,1,3,5.3,6,4,5,11.813,2.4375
2013,mixed,Ray Flowers,Blake Parker,2939,ChC,P,1,rel,previously_active,,7,0,0,0,6.0,2,0,3,3.0,1.5
2013,mixed,Ray Flowers,Yoervis Medina,3425,Sea,P,1,rel,previously_active,,3,0,0,0,1.3,0,0,3,0.0,0.75
2013,mixed,Ray Flowers,Mike Leake,2714,Cin,P,1,rel,previously_active,,2,0,1,0,10.0,5,1,6,4.5,1.9
2013,mixed,Ray Flowers,Tim Hudson,57,SF,P,4,rel,previously_active,,19,6,7,0,117.3,34,10,86,4.142,1.2017
2013,mixed,Ray Flowers,Jacob Turner,2832,ChC,P,2,rel,previously_active,,10,1,4,0,62.3,22,6,48,3.465,1.2834
2013,mixed,Ray Flowers,Jose Veras,1000,Atl,P,4,rel,previously_active,,39,0,4,16,40.0,12,4,42,3.15,1.025
2013,mixed,Ray Flowers,Brandon Morrow,1342,SD,P,13,rel,previously_active,,8,1,2,0,42.3,17,7,36,4.89,1.4882
2013,mixed,Ray Flowers,Mark Buehrle,206,Tor,P,1,res,reserved,P,2,1,1,0,9.3,0,1,6,3.857,1.3929
2013,mixed,Ray Flowers,Jeff Locke,2594,Pit,P,4,res,reserved,P,0,0,0,0,0.0,0,0,0,0.0,0.0
2013,mixed,Ray Flowers,Brandon Morrow,1342,SD,P,13,rel,previously_reserved,,2,1,1,0,12.0,1,5,6,8.25,1.5
2013,mixed,Ray Flowers,Jose Veras,1000,Atl,P,4,rel,previously_reserved,,6,0,0,3,6.3,3,0,3,0.0,0.4737
2013,mixed,Ray Flowers,Zack Greinke,660,LAD,P,14,act,previously_reserved,P,1,1,0,0,5.3,0,1,4,1.687,0.9375
2013,mixed,Ray Flowers,Tim Hudson,57,SF,P,4,rel,previously_reserved,,2,2,0,0,14.0,2,0,9,2.571,1.0714
2013,mixed,Ray Flowers,Mike Leake,2714,Cin,P,1,rel,previously_reserved,,1,1,0,0,5.7,0,0,3,3.176,1.5882
2013,mixed,Ray Flowers,Jacob Turner,2832,ChC,P,2,rel,previously_reserved,,5,1,1,0,28.3,19,1,10,3.494,1.6588
2013,mixed,Ray Flowers,Felix Hernandez,1338,Sea,P,24,act,previously_reserved,P,1,0,0,0,4.0,4,0,10,2.25,1.25
2013,mixed,Ray Flowers,Blake Parker,2939,ChC,P,1,rel,previously_reserved,,4,0,0,0,3.3,2,1,3,5.4,2.1
2013,mixed,Ray Flowers,Joel Hanrahan,1616,Det,P,11,rel,previously_reserved,,2,0,0,1,2.0,0,0,0,4.5,1.5
2013,mixed,Ray Flowers,Tommy Hunter,2152,Bal,P,5,rel,previously_reserved,,7,2,1,0,8.0,0,3,13,4.5,0.75
2013,mixed,Ray Flowers,Jarred Cosart,3605,Mia,P,1,rel,previously_reserved,,3,0,0,0,16.0,9,2,13,2.812,1.5
2013,mixed,Ray Flowers,Ryan Dempster,258,FA,P,1,rel,previously_reserved,,9,2,2,0,51.3,26,7,35,4.734,1.7338
2013,mixed,Ray Flowers,Eric Stults,783,Atl,P,1,act,previously_reserved,P,2,0,1,0,11.3,1,2,6,4.765,1.3235
2013,mixed,Ray Flowers,Joe Smith,939,LAA,P,1,rel,previously_reserved,,3,0,0,0,2.3,1,0,1,0.0,1.2857
2013,mixed,Ray Flowers,Ernesto Frieri,1225,TB,P,7,act,previously_reserved,P,4,1,0,1,5.0,1,0,9,0.0,0.8
2013,mixed,Ray Flowers,Ricky Nolasco,552,Min,P,1,rel,previously_reserved,,5,0,2,0,30.3,10,3,24,3.857,1.4176
2013,mixed,Ray Flowers,Travis Wood,2821,ChC,P,1,act,previously_reserved,P,2,1,0,0,13.3,3,1,13,1.35,1.05
2013,mixed,Ray Flowers,Zack Wheeler,2831,NYM,P,0,rel,previously_reserved,,1,0,1,0,5.0,5,0,3,3.6,2.0
2013,mixed,Ray Flowers,Tyler Thornburg,3750,Mil,P,1,act,previously_reserved,P,1,1,0,0,6.0,2,0,6,3.0,0.8333
2013,mixed,Ray Flowers,David Phelps,3561,Mia,P,1,rel,previously_reserved,,11,3,4,0,45.3,20,6,45,5.757,1.4779
2013,mixed,Ray Flowers,Mike Adams,1684,FA,P,3,rel,previously_reserved,,7,0,1,0,6.0,3,0,7,3.0,1.1667
2013,mixed,Ray Flowers,Edinson Volquez,332,KC,P,0,rel,previously_reserved,,7,3,3,0,37.7,16,5,21,5.496,1.6195
2013,mixed,Ray Flowers,Wily Peralta,3181,Mil,P,1,rel,previously_reserved,,1,0,0,0,5.0,1,1,2,1.8,1.6
