team_owner,position_slot,player_type,player_name,price,is_keeper
BEHRENS,1B,batter,Carlos Pena,17,FALSE
BEHRENS,2B,batter,Dustin Ackley,18,FALSE
BEHRENS,3B,batter,Jose Bautista,32,FALSE
BEHRENS,C,batter,Jesus Montero,14,FALSE
BEHRENS,C,batter,AJ Pierzysnki,9,FALSE
BEHRENS,CI,batter,Chris Davis,11,FALSE
BEHRENS,MI,batter,Gordon Beckham,9,FALSE
BEHRENS,OF,batter,Desmond Jennings,27,FALSE
BEHRENS,OF,batter,Alex Gordon,25,FALSE
BEHRENS,OF,batter,Julio Borbon,1,FALSE
BEHRENS,OF,batter,Grady Sizemore,1,FALSE
BEHRENS,P,pitcher,Yu Darvish,20,FALSE
BEHRENS,P,pitcher,Grant Balfour,12,FALSE
BEHRENS,P,pitcher,Matt Thornton,11,FALSE
BEHRENS,P,pitcher,Jonathan Sanchez,6,FALSE
BEHRENS,P,pitcher,Henderson Alvarez,6,FALSE
BEHRENS,P,pitcher,Rick Porcello,5,FALSE
BEHRENS,P,pitcher,Hector Noesi,4,FALSE
BEHRENS,P,pitcher,Jesse Crain,3,FALSE
BEHRENS,P,pitcher,Brad Peacock,1,FALSE
BEHRENS,SS,batter,Elvis Andrus,26,FALSE
BEHRENS,SW,batter,Andruw Jones,1,FALSE
BEHRENS,UT,batter,Travus Hafner,1,FALSE
BERRY,1B,batter,Paul Konerko,28,FALSE
BERRY,2B,batter,Jemile Weeks,20,FALSE
BERRY,3B,batter,Edwin Encarnacion,18,FALSE
BERRY,C,batter,Alex Avila,17,FALSE
BERRY,C,batter,Gerald Laird,1,FALSE
BERRY,CI,batter,Adam Lind,19,FALSE
BERRY,MI,batter,Cliff Pennington,13,FALSE
BERRY,OF,batter,Carl Crawford,23,FALSE
BERRY,OF,batter,Delmon Young,17,FALSE
BERRY,OF,batter,Vernon Wells,13,FALSE
BERRY,OF,batter,Jason Bourgeouis,1,FALSE
BERRY,P,pitcher,Francisco Liriano,13,FALSE
BERRY,P,pitcher,Matt Capps,11,FALSE
BERRY,P,pitcher,Chris Perez,10,FALSE
BERRY,P,pitcher,Neftali Feliz,8,FALSE
BERRY,P,pitcher,Josh Tomlin,5,FALSE
BERRY,P,pitcher,Bartolo Colon,3,FALSE
BERRY,P,pitcher,Aaron Crow,2,FALSE
BERRY,P,pitcher,Blake Beavan,1,FALSE
BERRY,P,pitcher,Jacob Turner,1,FALSE
BERRY,SS,batter,Alcides Escobar,17,FALSE
BERRY,SW,batter,Jhonny Peralta,16,FALSE
BERRY,UT,batter,Brandon Allen,3,FALSE
COLLETTE,1B,batter,Albert Pujols,40,FALSE
COLLETTE,2B,batter,Jeff Keppinger,2,FALSE
COLLETTE,3B,batter,Wilson Betemit,7,FALSE
COLLETTE,C,batter,Joe Mauer,20,FALSE
COLLETTE,C,batter,Ryan Lavarnway,2,FALSE
COLLETTE,CI,batter,Mike Moustakas,14,FALSE
COLLETTE,MI,batter,Chris Getz,3,FALSE
COLLETTE,OF,batter,Nelson Cruz,25,FALSE
COLLETTE,OF,batter,Peter Bourjos,22,FALSE
COLLETTE,OF,batter,Yoenis Cespedes,15,FALSE
COLLETTE,OF,batter,Matt Joyce,13,FALSE
COLLETTE,P,pitcher,CJ Wilson,19,FALSE
COLLETTE,P,pitcher,Andrew Bailey,16,FALSE
COLLETTE,P,pitcher,Jeremy Hellickson,15,FALSE
COLLETTE,P,pitcher,Colby Lewis,12,FALSE
COLLETTE,P,pitcher,Alexi Ogando,10,FALSE
COLLETTE,P,pitcher,Philip Hughes,4,FALSE
COLLETTE,P,pitcher,Addison Reed,3,FALSE
COLLETTE,P,pitcher,Iwakuma,1,FALSE
COLLETTE,P,pitcher,Charlie Furbush,1,FALSE
COLLETTE,SS,batter,Trevor Plouffe,5,FALSE
COLLETTE,SW,batter,Jonny Gomes,1,FALSE
COLLETTE,UT,batter,Michael Brantley,10,FALSE
COLTON/WOLF,1B,batter,Robert Andino,6,FALSE
COLTON/WOLF,2B,batter,Howard Kendrick,25,FALSE
COLTON/WOLF,3B,batter,Evan Longoria,31,FALSE
COLTON/WOLF,C,batter,Tyler Flowers,2,FALSE
COLTON/WOLF,C,batter,Hank Conger,1,FALSE
COLTON/WOLF,CI,batter,Lonnie Chisenhall,4,FALSE
COLTON/WOLF,MI,batter,Raul Ibanez,6,FALSE
COLTON/WOLF,OF,batter,Curtis Granderson,32,FALSE
COLTON/WOLF,OF,batter,Adam Jones,25,FALSE
COLTON/WOLF,OF,batter,Austin Jackson,18,FALSE
COLTON/WOLF,OF,batter,Bobby Abreu,2,FALSE
COLTON/WOLF,P,pitcher,Felix Hernandez,25,FALSE
COLTON/WOLF,P,pitcher,Josh Beckett,17,FALSE
COLTON/WOLF,P,pitcher,Jordan Walden,17,FALSE
COLTON/WOLF,P,pitcher,Glen Perkins,4,FALSE
COLTON/WOLF,P,pitcher,Tom Milone,3,FALSE
COLTON/WOLF,P,pitcher,Carl Pavano,3,FALSE
COLTON/WOLF,P,pitcher,Roy Oswalt,2,FALSE
COLTON/WOLF,P,pitcher,Scott Downs,1,FALSE
COLTON/WOLF,P,pitcher,Shawn Kelly,1,FALSE
COLTON/WOLF,SS,batter,Alexi Casilla,9,FALSE
COLTON/WOLF,SW,batter,Daric Barton,1,FALSE
COLTON/WOLF,UT,batter,Billy Butler,25,FALSE
ERICKSON,1B,batter,Adrian Gonzalez,33,FALSE
ERICKSON,2B,batter,Robinson Cano,37,FALSE
ERICKSON,3B,batter,Brett Lawrie,29,FALSE
ERICKSON,C,batter,Mike Napoli,19,FALSE
ERICKSON,C,batter,Ryan Doumit,11,FALSE
ERICKSON,CI,batter,Kila Ka'aihue,2,FALSE
ERICKSON,MI,batter,Brian Roberts,2,FALSE
ERICKSON,OF,batter,Lorenzo Cain,17,FALSE
ERICKSON,OF,batter,Travis Snider,7,FALSE
ERICKSON,OF,batter,Mike Trout,4,FALSE
ERICKSON,OF,batter,Andy Dirks,2,FALSE
ERICKSON,P,pitcher,Dan Haren,22,FALSE
ERICKSON,P,pitcher,Matt Moore,19,FALSE
ERICKSON,P,pitcher,Max Scherzer,14,FALSE
ERICKSON,P,pitcher,Brandon Morrow,14,FALSE
ERICKSON,P,pitcher,Jarrod Parker,3,FALSE
ERICKSON,P,pitcher,Joel Peralta,2,FALSE
ERICKSON,P,pitcher,Dustin McGowan,1,FALSE
ERICKSON,P,pitcher,Tim Collins,1,FALSE
ERICKSON,P,pitcher,Fautino De Los Santos,1,FALSE
ERICKSON,SS,batter,Yunel Escobar,16,FALSE
ERICKSON,SW,batter,Craig Gentry,1,FALSE
ERICKSON,UT,batter,Chris Parmalee,2,FALSE
LEIBOWITZ,1B,batter,Mike Carp,13,FALSE
LEIBOWITZ,2B,batter,Mike Aviles,9,FALSE
LEIBOWITZ,3B,batter,Kevin Youkilis,24,FALSE
LEIBOWITZ,C,batter,Kurt Suzuki,9,FALSE
LEIBOWITZ,C,batter,Salvatore Perez,2,FALSE
LEIBOWITZ,CI,batter,Adrian Beltre,29,FALSE
LEIBOWITZ,MI,batter,JJ Hardy,18,FALSE
LEIBOWITZ,OF,batter,Ichiro Suzuki,24,FALSE
LEIBOWITZ,OF,batter,Torii Hunter,18,FALSE
LEIBOWITZ,OF,batter,Josh Willingham,15,FALSE
LEIBOWITZ,OF,batter,Seth Smith,3,FALSE
LEIBOWITZ,P,pitcher,Justin Verlander,28,FALSE
LEIBOWITZ,P,pitcher,Joe Nathan,16,FALSE
LEIBOWITZ,P,pitcher,John Danks,13,FALSE
LEIBOWITZ,P,pitcher,Danny Duffy,3,FALSE
LEIBOWITZ,P,pitcher,Derek Lowe,2,FALSE
LEIBOWITZ,P,pitcher,Drew Smyly,2,FALSE
LEIBOWITZ,P,pitcher,Garrett Richards,2,FALSE
LEIBOWITZ,P,pitcher,Brian Fuenntes,2,FALSE
LEIBOWITZ,P,pitcher,Jerome Williams,2,FALSE
LEIBOWITZ,SS,batter,Alexei Ramirez,19,FALSE
LEIBOWITZ,SW,batter,Josh Donaldson,2,FALSE
LEIBOWITZ,UT,batter,David Murphy,3,FALSE
LISS,1B,batter,Justin Morneau,7,FALSE
LISS,2B,batter,Ian Kinsler,33,FALSE
LISS,3B,batter,Chone Figgins,9,FALSE
LISS,C,batter,Matt Wieters,22,FALSE
LISS,C,batter,Russell Martin,11,FALSE
LISS,CI,batter,Mark Teixeira,29,FALSE
LISS,MI,batter,Dustin Pedroia,31,FALSE
LISS,OF,batter,Alejendro De Aza,15,FALSE
LISS,OF,batter,Cody Ross,7,FALSE
LISS,OF,batter,Brandon Guyer,1,FALSE
LISS,OF,batter,Casper Wells,1,FALSE
LISS,P,pitcher,Michael Pineda,14,FALSE
LISS,P,pitcher,Ubaldo Jimenez,12,FALSE
LISS,P,pitcher,Clay Buchholz,11,FALSE
LISS,P,pitcher,Jake Peavy,8,FALSE
LISS,P,pitcher,Brian Matusz,7,FALSE
LISS,P,pitcher,Matt Harrison,6,FALSE
LISS,P,pitcher,Philip Humber,4,FALSE
LISS,P,pitcher,Danny Hultzen,1,FALSE
LISS,P,pitcher,Tyson Ross,1,FALSE
LISS,SS,batter,Brian Dozier,1,FALSE
LISS,SW,batter,Justin Smoak,14,FALSE
LISS,UT,batter,Adam Dunn,15,FALSE
MICHAELS,1B,batter,Mitch Moreland,14,FALSE
MICHAELS,2B,batter,Ben Zobrist,24,FALSE
MICHAELS,3B,batter,Danny Valencia,13,FALSE
MICHAELS,C,batter,JP Arencibia,14,FALSE
MICHAELS,C,batter,Kelly Shoppach,3,FALSE
MICHAELS,CI,batter,Kyle Seager,4,FALSE
MICHAELS,MI,batter,Ryan Raburn,12,FALSE
MICHAELS,OF,batter,Nick Swisher,21,FALSE
MICHAELS,OF,batter,Ben Revere,13,FALSE
MICHAELS,OF,batter,Dayan Viciedo,11,FALSE
MICHAELS,OF,batter,Ryan Kalish,1,FALSE
MICHAELS,P,pitcher,CC Sabathia,26,FALSE
MICHAELS,P,pitcher,Jose Valverde,19,FALSE
MICHAELS,P,pitcher,Derek Holland,15,FALSE
MICHAELS,P,pitcher,Brandon McCarthy,14,FALSE
MICHAELS,P,pitcher,Justin Masterson,9,FALSE
MICHAELS,P,pitcher,Luke Hochever,8,FALSE
MICHAELS,P,pitcher,Vinnie Pestano,4,FALSE
MICHAELS,P,pitcher,Louis Coleman,1,FALSE
MICHAELS,P,pitcher,Tony Sipp,1,FALSE
MICHAELS,SS,batter,Erick Aybar,20,FALSE
MICHAELS,SW,batter,Jeff Nieman,8,FALSE
MICHAELS,UT,batter,Brendan Ryan,5,FALSE
MOYER,1B,batter,Miguel Cabrera,39,FALSE
MOYER,2B,batter,Johnny Giovettella,8,FALSE
MOYER,3B,batter,Brent Morel,10,FALSE
MOYER,C,batter,John Jaso,1,FALSE
MOYER,C,batter,Brayan Pena,1,FALSE
MOYER,CI,batter,Prince Fielder,30,FALSE
MOYER,MI,batter,jean Segura,3,FALSE
MOYER,OF,batter,Jacoby Ellsbury,37,FALSE
MOYER,OF,batter,Eric Thames,7,FALSE
MOYER,OF,batter,Brent Lillibridge,6,FALSE
MOYER,OF,batter,Nolan Reimold,5,FALSE
MOYER,P,pitcher,Jon Lester,21,FALSE
MOYER,P,pitcher,Kyle Farnsworth,16,FALSE
MOYER,P,pitcher,Gavin Floyd,12,FALSE
MOYER,P,pitcher,Doug FIster,11,FALSE
MOYER,P,pitcher,Scott Baker,8,FALSE
MOYER,P,pitcher,Jim Johnson,7,FALSE
MOYER,P,pitcher,Jonathan Broxton,6,FALSE
MOYER,P,pitcher,Alfredo Aceves,5,FALSE
MOYER,P,pitcher,Wei-Yen Chen,2,FALSE
MOYER,SS,batter,Eric Sogard,1,FALSE
MOYER,SW,batter,Luke Scott,11,FALSE
MOYER,UT,batter,Mark Trumbo,12,FALSE
SCHECHTER,1B,batter,Don Kelly,1,FALSE
SCHECHTER,2B,batter,Jamey Carroll,5,FALSE
SCHECHTER,3B,batter,Michael Young,23,FALSE
SCHECHTER,C,batter,Miguel Olivo,8,FALSE
SCHECHTER,C,batter,Yorvit Torrealba,4,FALSE
SCHECHTER,CI,batter,Alberto Callaspo,3,FALSE
SCHECHTER,MI,batter,Maicer izturis,1,FALSE
SCHECHTER,OF,batter,Josh Hamilton,26,FALSE
SCHECHTER,OF,batter,Nick Markakis,18,FALSE
SCHECHTER,OF,batter,Brennan Boesch,16,FALSE
SCHECHTER,OF,batter,Alex Rios,16,FALSE
SCHECHTER,P,pitcher,Jered Weaver,26,FALSE
SCHECHTER,P,pitcher,Mariano Rivera,23,FALSE
SCHECHTER,P,pitcher,Ricky Romero,17,FALSE
SCHECHTER,P,pitcher,Jason Vargas,5,FALSE
SCHECHTER,P,pitcher,Brett Cecil,3,FALSE
SCHECHTER,P,pitcher,Bruce Chen,2,FALSE
SCHECHTER,P,pitcher,Dan Bard,2,FALSE
SCHECHTER,P,pitcher,Andy Pettitte,1,FALSE
SCHECHTER,P,pitcher,Joaquin Benooit,1,FALSE
SCHECHTER,SS,batter,Asdrubal Cabrera,20,FALSE
SCHECHTER,SW,batter,Jeff Francoeur,17,FALSE
SCHECHTER,UT,batter,David Ortiz,21,FALSE
SHANDLER,1B,batter,Casey Kotchman,4,FALSE
SHANDLER,2B,batter,Kelly Johnson,19,FALSE
SHANDLER,3B,batter,Mark Reynolds,22,FALSE
SHANDLER,C,batter,Jarrod Saltalamachhia,10,FALSE
SHANDLER,C,batter,Chris Iannetta,8,FALSE
SHANDLER,CI,batter,Russell Branyan,1,FALSE
SHANDLER,MI,batter,Eduardo Nunez,9,FALSE
SHANDLER,OF,batter,BJ Upton,33,FALSE
SHANDLER,OF,batter,Brett Gardner,25,FALSE
SHANDLER,OF,batter,Colby Rasmus,14,FALSE
SHANDLER,OF,batter,Rajai Davis,3,FALSE
SHANDLER,P,pitcher,David Price,25,FALSE
SHANDLER,P,pitcher,James Shields,20,FALSE
SHANDLER,P,pitcher,Brandon League,17,FALSE
SHANDLER,P,pitcher,Greg Holland,7,FALSE
SHANDLER,P,pitcher,Felipe Paulino,6,FALSE
SHANDLER,P,pitcher,Mike Adams,5,FALSE
SHANDLER,P,pitcher,Brett Anderson,2,FALSE
SHANDLER,P,pitcher,Tyoshi Wada,1,FALSE
SHANDLER,P,pitcher,Kevin Millwood,1,FALSE
SHANDLER,SS,batter,Sean Rodriguez,11,FALSE
SHANDLER,SW,batter,Josh Reddick,5,FALSE
SHANDLER,UT,batter,Shelly Duncan,1,FALSE
SIANO,1B,batter,Eric Hosmer,28,FALSE
SIANO,2B,batter,Jason Kipnis,18,FALSE
SIANO,3B,batter,Alex Rodriguez,24,FALSE
SIANO,C,batter,Carlos Santana,28,FALSE
SIANO,C,batter,Francisco Cervelli,1,FALSE
SIANO,CI,batter,Kendrys Morales,13,FALSE
SIANO,MI,batter,Jason Donald,1,FALSE
SIANO,OF,batter,Shin-Soo Choo,24,FALSE
SIANO,OF,batter,Coco Crisp,20,FALSE
SIANO,OF,batter,Denard Span,13,FALSE
SIANO,OF,batter,Leonys Martin,1,FALSE
SIANO,P,pitcher,Sergio Santos,18,FALSE
SIANO,P,pitcher,Ervin Santana,14,FALSE
SIANO,P,pitcher,Hiroki Kuroda,12,FALSE
SIANO,P,pitcher,Ivan Nova,5,FALSE
SIANO,P,pitcher,David Robertson,3,FALSE
SIANO,P,pitcher,Mark Melancon,2,FALSE
SIANO,P,pitcher,Jeanmar Gomez,1,FALSE
SIANO,P,pitcher,Andrew Oliver,1,FALSE
SIANO,P,pitcher,Francisco Cordero,1,FALSE
SIANO,SS,batter,Derek Jeter,20,FALSE
SIANO,SW,batter,Chris Sale,11,FALSE
SIANO,UT,batter,Matt LaPorta,1,FALSE
