 ,COCKCROFT,,GIANELLA,,ZOLA,    ,McCAFFREY,,GARDNER,,TRACHTMAN,,WALTON,,HERTZ,,KREUTZER,,MELNICK,,WILDERMAN,,CARTY,
,Left to Spend,0,Left to Spend,0,Left to Spend,0,Left to Spend,0,Left to Spend,0,Left to Spend,0,Left to Spend,0,Left to Spend,0,Left to Spend,0,Left to Spend,0,Left to Spend,0,Left to Spend,0
,Players Needed,0,Players Needed,0,Players Needed,0,Players Needed,0,Players Needed,0,Players Needed,0,Players Needed,0,Players Needed,0,Players Needed,0,Players Needed,0,Players Needed,0,Players Needed,0
,Max Bid,1,Max Bid,1,Max Bid,1,Max Bid,1,Max Bid,1,Max Bid,1,Max Bid,1,Max Bid,1,Max Bid,1,Max Bid,1,Max Bid,1,Max Bid,1
C,Buster Posey,24,Wilson Ramos,15,Hector Sanchez,2,Jarrod Saltalamacchia,10,Jonathan Lucroy,19,Yadier Molina,18,A.J. Ellis,9,Russell Martin,14,Yasmani Grandal,10,Tim Federowicz,1,Wilin Rosario,18,Evan Gattis,14
C,Devin Mesoraco,9,Travis D'Arnaud,9,Jordan Pacheco,1,Wellington Castillo,10,George Kottaras,3,Miguel Montero,14,Nick Hundley,5,Jose Lobaton,1,Ryan Doumit,7,Bryan Pena,1,Mike McKenry,3,Carlos Ruiz,13
1B,Ike Davis,11,Gaby Sanchez,7,Mark Trumbo,22,Freddie Freeman,32,Kyle Blanks,2,Paul Goldschmidt,38,Allen Craig,25,Garret Jones,10,Joey Votto,38,Justin Morneau,20,Ryan Howard,15,Anthony Rizzo,25
3B,Pedro Alvarez,22,David Wright,29,Juan Francisco,1,Chris Johnson,13,Mark Reynolds,7,Mike Olt,5,Chase Headley,22,Nolan Arenado,17,Kris Bryant,1,Pedro Sandoval,21,Cody Asche,11,Juan Uribe,6
CI,Lucas Duda,6,Casey McGehee,3,Yonder Alonso,15,Tommy Medica,1,Todd Frazier,16,Adrian Gonzalez,24,Darin Ruf,2,Aramis Ramirez,21,Ryan Zimmerman,24,Adam LaRoche,18,Luis Valbuena,1,Brandon Belt,22
2B,Dan Uggla,8,Anthony Rendon,17,Chase Utley,19,DJ LeMaheiu,8,Matt Carpenter,23,Emilio Bonifacio,5,Jedd Gyorko,17,Jordy Mercer,10,Martin Prado,22,Brandon Phillips,20,Daniel Murphy,16,Neil Walker,16
SS,Ian Desmond,27,Zack Cozart,8,Dee Gordon,7,Javier Baez,8,Jhonny Peralta,14,Jean Segura,25,Jimmy Rollins,18,Adeiny Hechavarria,4,Hanley Ramirez,30,Didi Gregorius,2,Everth Cabrera,24,Ruben Tejada,1
MI,Starlin Castro,15,Chris Owings,7,Aaron Hill,19,Andrelton Simmons,14,Danny Espinosa,2,Josh Rutledge,4,Scooter Gennett,3,Brandon Crawford,5,Troy Tulowitzki,29,Rickie Weeks,7,Rafael Furcal,4,Kolten Wong,11
OF,Andre Ethier,12,Billy Hamilton,22,Will Venable,21,Christian Yelich,16,Starling Marte,28,Yasiel Puig,28,Jason Heyward,25,Bryce Harper,33,Andrew McCutchen,38,Carlos Gomez,31,Carlos Gonzalez,33,Giancarlo Stanton,30
OF,Gregory Polanco,5,Justin Upton,28,Angel Pagan,17,Ben Revere,19,Jayson Werth,27,Denard Span,10,Eric Young,9,Matt Holliday,27,Nate McLouth,5,Hunter Pence,26,Ryan Braun,34,Michael Cuddyer,20
OF,Marlon Byrd,11,Shawn Kemp,21,Justin Ruggiano,11,Junior Lake,8,Dom Brown,19,Cody Ross,3,Carl Crawford,14,Jay Bruce,28,Gregor Blanco,2,Khris Davis,20,Ryan Ludwick,11,Gerardo Parra,11
OF,Jon Jay,3,Michael Morse,6,Marcell Ozuna,4,Seth Smith,5,"A,J. Pollock",9,Scott Van Slyke,1,Curtis Granderson,22,Chris Young,11,Brian Bogusevic,1,B.J. Upton,16,Chris Denorfia,4,Drew Stubbs,7
UT,Corey Dickerson,9,Peter Bourjos,6,Nate Schierholtz,12,Caleb Gindl,1,Chris Heisey,3,Matt Adams,19,Oscar Taveras,3,Jake Marisnick,1,Derek Dietrich,1,Charlie Blackmon,4,Juan Lagares,1,Marco Scutaro,2
SW,Kendrys Morales,8,Cameron Maybin,7,Carlos Quentin,10,Brandon Barnes,1,Alex. Guerrero,4,Eric Chavez,2,Jose Tabata,5,Stephen Drew,2,Andrew Heaney,1,Jeff Baker,1,Jordan Schafer,2,Ryan Sweeney,3
P,Adam Wainwright,27,Archie Bradley,3,Craig Kimbrel,25,Trevor Rosenthal,20,Clayton Kershaw,34,Doug Fister,14,Cliff Lee,27,Stephen Strasburg,26,Madison Bumgarner,25,Jose Fernandez,25,Kenley. Jansen,22,Matt Cain,20
P,Bobby Parnell,12,Jim Henderson,11,Jordan Zimmermann,18,Gerrit Cole,18,Aroldis Chapman,10,Zack Greinke,21,Steve Cisek,15,Jonathan Papelbon,14,Rafael Soriano,13,Gio Gonzalez,18,Francisco Liriano,14,Hyun-jin Ryu,15
P,Homer Bailey,17,Jose Veras,8,Sergio Romo,15,Jason Grilli,15,JJ Hoover,6,Huston Street,12,Cole Hamels,15,Marco Estrada,12,Wily Peralta,4,Mike Minor,13,Shelby Miller,15,LaTroy Hawkins,4
P,Addison Reed,15,Tyson Ross,11,Tony Cingrani,14,Michael Wacha,17,Julio Teheran,16,Ervin Santana,8,Bartolo Colon,6,Tim Hudson,8,Vic Black,2,Joe Kelly,2,Lance Lynn,13,Jeff Samardzija,13
P,Zack Wheeler,10,Cashner,15,Alex Wood,9,Mat Latos,17,Tim Lincecum,9,Henderson Alvarez,5,Carlos Martinez,7,Kyle Lohse,7,Tanner Roark,3,Travis Wood,4,Matt Garza,11,Yovani Gallardo,11
P,Mark Melancon,4,Josh Johnson,7,Dylan Gee,4,Johnny Cueto,13,Noah Syndergaard,2,Jonathan Broxton,1,Wade Miley,4,Tyler Clippard,3,Jake Arrieta,1,Ian Kennedy,7,Robbie Erlin,3,Dan Haren,8
P,J.J. Putz,1,Rex Brothers,6,Charlie Morton,5,Wandy Rodriguez,5,Jorge de la Rosa,2,Gavin Floyd,1,Bronson Arroyo,4,Joaquin Benoit,4,Edwin Jackson,1,Brian Wilson,1,David Carpenter,1,Josh Beckett,4
P,Mike Leake,3,Jon Niese,4,Taylor Jordan,2,Nathan Eovaldi,5,Trevor Cahill,4,Burch Smith,1,Jason Hammel,2,Josh Collmenter,1,Freddy Garcia,1,Drew Storen,1,Tyler Thornburg,1,Brandon McCarthy,3
P,Randall Delgado,1,A.J. Burnett,10,Sean Marshall,7,Brett Anderson,4,Jenry Mejia,1,Ryan Vogelsong,1,Jason Motte,1,Chad Billingsley,1,Paul Maholm,1,Kyuji Fujikawa,1,Nick Vincent,3,Eric Stults,1
R,Jhouls Chacin,,Maikel Franco,,Wilmer Flores,,Joc Pederson,,Brandon Kintzler,,Juan Nicasio,,Jacob Turner,,Yusmiero Petit,,Arodys. Vizcaino,,Travis Snider,,Alberto Almora,,Jaime Garcia,
R,Edinson Volquez,,Santiago Casilla,,David Hale,,Tommy La Stella,,Bobby Abreu,,Kyle Kendrick,,Darwin Barney,,Sam LeCure,,Will Smith,,Anthony Recker,,Jameson Taillon,,Carlos Villanueva,
R,Roger Bernadina,,John Mayberry,,Tom Koehler,,Zach Walters,,Tyler Chatwood,,R. Montero,,Paco Rodriguez,,Alex Torres,,A.J. Cole,,Scott Hairston,,Carter Capps,,Justin Turner,
R,Andrew Lambo,,A.J. Ramos,,Daniel Descalso,,Edwin Escobar,,Pedro Strop,,E. Butler,,Logan Schafer,,M. Wisler,,Tyler Colvin,,Tyler Pastornicky,,Francisco Rodriguez,,Jonathan Gray,
,,,,,,,,,,,,,,,,,,,,,,,,
,,170,,185,,161,,146,,176,,196,,179,,184,,209,,188,,177,,181
,,90,,75,,99,,114,,84,,64,,81,,76,,51,,72,,83,,79