 ,VANRIPER,,ZINKIE,,STEINHORN,    ,HEANEY,,MELCHIOR,,PIANOWSKI,,ENGEL,,SWANAY,,DiFINO,,SINGMAN,,DAVITT,,SCHWARTZ,,FLOWERS,,GONOS,,PISAPIA,,
,Left to Spend,0,Left to Spend,0,Left to Spend,0,Left to Spend,0,Left to Spend,1,Left to Spend,0,Left to Spend,0,Left to Spend,1,Left to Spend,0,Left to Spend,2,Left to Spend,0,Left to Spend,0,Left to Spend,0,Left to Spend,0,Left to Spend,0,
,Players Needed,0,Players Needed,0,Players Needed,0,Players Needed,0,Players Needed,0,Players Needed,0,Players Needed,0,Players Needed,0,Players Needed,0,Players Needed,0,Players Needed,0,Players Needed,0,Players Needed,0,Players Needed,0,Players Needed,0,
,Max Bid,1,Max Bid,1,Max Bid,1,Max Bid,1,Max Bid,2,Max Bid,1,Max Bid,1,Max Bid,2,Max Bid,1,Max Bid,3,Max Bid,1,Max Bid,1,Max Bid,1,Max Bid,1,Max Bid,1,
C,Y. Molina,12,Gattis,15,W. Ramos,10,Y. Grandal,8,Mesoraco,20,Posey,27,T. d'Arnaud,13,Jaso,5,S. Perez,10,Y. Gomes,15,Ru. Martin,19,Der. Norris,11,Wieters,11,Saltalamacchia,3,Lucroy,20,C
C,M. Montero,5,Br. McCann,15,C. Ruiz,1,Rene Rivera,1,A.J. Ellis,1,A. Avila,2,W. Rosario,5,Cervelli,2,N. Hundley,1,Zunino,4,D. Navarro,1,Chirinos,1,Vogt,3,Iannetta,2,J. Castro,1,C
1B,Ad. Gonzalez,22,Duda,13,K. Morales,3,C. Santana,25,Ad. LaRoche,16,Mi. Cabrera,39,Fielder,27,Abreu,36,Belt,14,V. Martinez,18,Goldschmidt,44,Encarnacion,35,Freeman,25,Votto,31,Frazier,21,1B
3B,D. Wright,15,Ch. Headley,9,K. Seager,22,A. Beltre,27,Castellanos,2,M. Carpenter,16,Chisenhall,1,K. Bryant,16,Sandoval,12,Bogaerts,14,Longoria,22,Donaldson,32,Ch. Davis,23,R. Zimmerman,18,Arenado,19,3B
CI,Morneau,7,Pujols,20,Rizzo,40,Ar. Ramirez,5,Ike Davis,1,Br. Lawrie,3,Ry. Howard,1,M. Adams,7,Al. Rodriguez,4,S. Pearce,3,P. Alvarez,6,Y. Alonso,1,Hosmer,13,Napoli,8,Machado,12,CI
2B,Pedroia,14,Rendon,26,K. Wong,17,A. Hill,1,Semien,6,Prado,1,Dee Gordon,18,Cano,29,Altuve,31,Kipnis,22,Zobrist,17,Gennett,1,Kendrick,16,N. Franklin,1,Kinsler,17,2B
SS,J.J. Hardy,2,Jo. Ramirez,8,E. Andrus,15,St. Castro,11,As. Cabrera,6,Al. Ramirez,12,Han. Ramirez,31,Jav. Baez,8,Tulo,28,Da. Santana,14,Desmond,29,Jed Lowrie,4,Jose Reyes,18,J. Peralta,7,J. Rollins,14,SS
MI,Dan. Murphy,7,Br. Dozier,22,N. Walker,10,Segura,11,Amarista,1,A. Escobar,6,W. Flores,1,Br. Miller,2,Gyorko,7,Alcantara,4,Bonifacio,1,Owings,1,Er. Aybar,5,Utley,4,Br. Phillips,1,MI
OF,Trout,48,B. Hamilton,16,Br. Moss,17,C. Gomez,39,G. Stanton,40,M. Holliday,20,Yelich,26,Rus. Castillo,13,C. Gonzalez,26,Br. Harper,33,J. Bruce,15,Betts,18,Heyward,21,McCutchen,44,Jo. Bautista,36,OF
OF,Ry. Braun,25,Choo,18,Ju. Upton,27,Mi. Brantley,29,Springer,31,Av. Garcia,8,Ad. Jones,26,Gr. Polanco,15,Cespedes,15,J. Soler,15,N. Cruz,14,Puig,31,S. Marte,24,A. Rios,12,Pence,12,OF
OF,Ellsbury,25,W. Myers,5,Os. Arcia,7,Trumbo,9,C. Dickerson,25,Al. Gordon,15,M. Byrd,5,Blackmon,14,Le. Martin,12,M. Ozuna,14,Au. Jackson,7,K. Calhoun,18,A. Eaton,12,Kemp,24,Mel. Cabrera,10,OF
OF,Crisp,3,Kh. Davis,5,D. Span,4,Fowler,6,Y. Tomas,5,Cuddyer,4,Joyce,1,J. Pederson,10,Allen Craig,1,Tr. Snider,7,J.D Martinez,15,J. Werth,13,Des. Jennings,3,Souza,10,M. Bourn,1,OF
OF,Morse,1,Granderson,3,M. Saunders,3,C. Crawford,3,Revere,6,Br. Gardner,14,Raj. Davis,1,Jo. Harrison,9,Aoki,1,J. Lagares,1,C. Beltran,5,Pollock,9,L. Cain,3,Pompey,6,Markakis,1,OF
UT,J. Mauer,5,D. Ortiz,19,Reddick,1,A. Lind,3,K. Vargas,3,Valbuena,1,A. Gose,1,R. Odor,1,Middlebrooks,1,Bi. Butler,2,T. Hunter,1,Ch. Carter,20,A. De Aza,1,Teixeira,2,Micah Johnson,3,UT
P,Iwakuma,15,Samardzija,17,Robertson,20,F. Hernandez,31,Sale,28,Chapman,23,Betances,17,Kershaw,36,Strasburg,28,Kimbrel,22,Wainwright,19,Tanaka,10,Price,26,Shields,18,Cueto,22,P
P,Greinke,21,Ty. Ross,14,Hamels,20,G. Holland,22,Carrasco,13,Lester,20,Kluber,24,Papelbon,15,Harvey,19,C. Allen,16,Ph. Hughes,15,Melancon,18,Cisek,16,Scherzer,29,J. Zimmermann,23,P
P,S. Gray,15,Fiers,8,L. Lynn,9,G. Gonzalez,14,deGrom,14,Arrieta,16,Bumgarner,22,Street,16,Nathan,3,A. Cobb,12,An. Sanchez,10,K. Jansen,14,Clippard,6,Rosenthal,14,Tai. Walker,6,P
P,C. McHugh,7,H. Rondon,10,G. Perkins,12,F. Liriano,5,Uehara,13,Teheran,16,G. Cole,16,Gregerson,10,Latos,8,Smyly,8,Doolittle,11,Ryu,6,A. Wood,13,Storen,16,Jo. Quintana,14,P
P,M. Shoemaker,5,Ad. Reed,7,Archer,10,Odorizzi,5,Z. Britton,13,Benoit,10,Y. Ventura,8,D. Duffy,3,J. Mejia,6,J. Paxton,3,Lackey,5,He. Alvarez,4,Fister,9,Boxberger,4,G. Richards,14,P
P,M. Cain,2,Hutchison,4,I. Kennedy,8,An. Miller,2,Wacha,11,Tillman,2,N. Feliz,13,Kazmir,5,M. Pineda,9,Cashner,9,Sabathia,1,Jer. Weaver,5,K. Giles,6,Bud Norris,2,J. McGee,8,P
P,K. Lohse,1,Wade Davis,2,Der. Holland,2,A.J. Burnett,1,Tr. Bauer,2,Sh. Greene,2,K. Hendricks,1,Da. Salazar,3,Fr. Rodriguez,12,F. Rodney,12,Y. Petit,1,Br. McCarthy,6,Gausman,3,Aa. Sanchez,1,Cecil,3,P
P,Wily Peralta,2,J. Hammel,3,S. Romo,1,Buchholz,1,Pomeranz,1,J. Hahn,2,J. Niese,1,Ji. Nelson,2,Verlander,8,Jo. Fernandez,6,C. Martinez,1,La. Hawkins,1,Sh. Miller,2,T.J. House,2,M. Moore,1,P
P,Garza,1,R.A. Dickey,1,Collmenter,1,Br. Morrow,1,Keuchel,1,Er. Santana,1,R. Iglesias,1,J. Soria,2,Sa. Casilla,4,Eovaldi,4,Mi. Gonzalez,1,Porcello,1,Parnell,1,H. Bailey,2,Masterson,1,P
R,Stubbs,,W.Y. Chen,,Leake,,E.Young Jr.,,D. Peralta,,Plouffe,,M. Taylor,,Elias,,A. Guerrero,,J.A. Happ,,Loup,,Minor,,J. Hamilton,,J. Singleton,,C.J. Cron,,R
R,Qualls,,Peavy,,Lindor,,Schoop,,Marisnick,,Loney,,Jay,,Corbin,,Graveman,,Cingrani,,Syndergaard,,E. Mujica,,Simmons,,Roark,,Refsnyder,,R
R,E. Marshall,,Haren,,Col. Rasmus,,Lyles,,J. Peterson,,T. Hudson,,Worley,,Quackenbush,,C.J. Wilson,,B. Anderson,,Jung-Ho Kang,,Victorino,,Gallardo,,Joe Smith,,Ottavino,,R
R,Walden,,Freese,,Ackley,,E. Cabrera,,Matzek,,Schafer,,Viciedo,,Rodon,,R. Soriano,,C. Anderson,,Miley,,Jo. Johnson,,Da. Norris,,G. Jones,,Pagan,,R
R,J. Cosart,,D. Brown,,Moustakas,,J. Lamb,,May,,Gregorius,,Gee,,Rua,,Gallo,,Kiermaier,,Fields,,B. Crawford,,Buxton,,Janssen,,S. Smith,,
R,Peraza,,Medlen,,Colon,,J. Chavez,,Travis,,Morrison,,Volquez,,Ruf,,M.A Gonzalez,,R. De La Rosa,,Dyson,,M. Upton Jr.,,Moreland,,Hicks,,J. Garcia,,
 ,VANRIPER,,ZINKIE,,STEINHORN,    ,HEANEY,,MELCHIOR,,PIANOWSKI,,ENGEL,,SWANAY,,DiFINO,,SINGMAN,,DAVITT,,SCHWARTZ,,FLOWERS,,GONOS,,PISAPIA,,
,,,,,,,,, , ,,,,,,,,,,,,,,,,,,,,,